fold,slice_file_name,class_name
6.갇힘,6.갇힘_178312_label.wav,갇힘
6.갇힘,6.갇힘_372712_label.wav,갇힘
6.갇힘,6.갇힘_174811_label.wav,갇힘
6.갇힘,6.갇힘_170622_label.wav,갇힘
6.갇힘,6.갇힘_465648_label.wav,갇힘
6.갇힘,6.갇힘_182947_label.wav,갇힘
6.갇힘,6.갇힘_373939_label.wav,갇힘
6.갇힘,6.갇힘_177799_label.wav,갇힘
6.갇힘,6.갇힘_170750_label.wav,갇힘
6.갇힘,6.갇힘_422054_label.wav,갇힘
6.갇힘,6.갇힘_184936_label.wav,갇힘
6.갇힘,6.갇힘_183116_label.wav,갇힘
6.갇힘,6.갇힘_182635_label.wav,갇힘
6.갇힘,6.갇힘_172356_label.wav,갇힘
6.갇힘,6.갇힘_171822_label.wav,갇힘
6.갇힘,6.갇힘_173725_label.wav,갇힘
6.갇힘,6.갇힘_170723_label.wav,갇힘
6.갇힘,6.갇힘_176384_label.wav,갇힘
6.갇힘,6.갇힘_166433_label.wav,갇힘
6.갇힘,6.갇힘_162920_label.wav,갇힘
6.갇힘,6.갇힘_175077_label.wav,갇힘
6.갇힘,6.갇힘_175805_label.wav,갇힘
6.갇힘,6.갇힘_419017_label.wav,갇힘
6.갇힘,6.갇힘_171682_label.wav,갇힘
6.갇힘,6.갇힘_163691_label.wav,갇힘
6.갇힘,6.갇힘_173958_label.wav,갇힘
6.갇힘,6.갇힘_376918_label.wav,갇힘
6.갇힘,6.갇힘_420550_label.wav,갇힘
6.갇힘,6.갇힘_184940_label.wav,갇힘
6.갇힘,6.갇힘_170495_label.wav,갇힘
6.갇힘,6.갇힘_175618_label.wav,갇힘
6.갇힘,6.갇힘_465210_label.wav,갇힘
6.갇힘,6.갇힘_168328_label.wav,갇힘
6.갇힘,6.갇힘_169030_label.wav,갇힘
6.갇힘,6.갇힘_177489_label.wav,갇힘
6.갇힘,6.갇힘_163162_label.wav,갇힘
6.갇힘,6.갇힘_167936_label.wav,갇힘
6.갇힘,6.갇힘_162962_label.wav,갇힘
6.갇힘,6.갇힘_163138_label.wav,갇힘
6.갇힘,6.갇힘_165465_label.wav,갇힘
6.갇힘,6.갇힘_178129_label.wav,갇힘
6.갇힘,6.갇힘_465661_label.wav,갇힘
6.갇힘,6.갇힘_168231_label.wav,갇힘
6.갇힘,6.갇힘_183515_label.wav,갇힘
6.갇힘,6.갇힘_160951_label.wav,갇힘
6.갇힘,6.갇힘_465522_label.wav,갇힘
6.갇힘,6.갇힘_184343_label.wav,갇힘
6.갇힘,6.갇힘_465079_label.wav,갇힘
6.갇힘,6.갇힘_184359_label.wav,갇힘
6.갇힘,6.갇힘_417348_label.wav,갇힘
6.갇힘,6.갇힘_169070_label.wav,갇힘
6.갇힘,6.갇힘_185280_label.wav,갇힘
6.갇힘,6.갇힘_168069_label.wav,갇힘
6.갇힘,6.갇힘_174957_label.wav,갇힘
6.갇힘,6.갇힘_373549_label.wav,갇힘
6.갇힘,6.갇힘_183241_label.wav,갇힘
6.갇힘,6.갇힘_170782_label.wav,갇힘
6.갇힘,6.갇힘_175227_label.wav,갇힘
6.갇힘,6.갇힘_160561_label.wav,갇힘
6.갇힘,6.갇힘_176011_label.wav,갇힘
6.갇힘,6.갇힘_170944_label.wav,갇힘
6.갇힘,6.갇힘_175517_label.wav,갇힘
6.갇힘,6.갇힘_188891_label.wav,갇힘
6.갇힘,6.갇힘_417030_label.wav,갇힘
6.갇힘,6.갇힘_183659_label.wav,갇힘
6.갇힘,6.갇힘_184920_label.wav,갇힘
6.갇힘,6.갇힘_420164_label.wav,갇힘
6.갇힘,6.갇힘_169544_label.wav,갇힘
6.갇힘,6.갇힘_162766_label.wav,갇힘
6.갇힘,6.갇힘_171985_label.wav,갇힘
6.갇힘,6.갇힘_162902_label.wav,갇힘
6.갇힘,6.갇힘_171341_label.wav,갇힘
6.갇힘,6.갇힘_184507_label.wav,갇힘
6.갇힘,6.갇힘_160601_label.wav,갇힘
6.갇힘,6.갇힘_165872_label.wav,갇힘
6.갇힘,6.갇힘_177373_label.wav,갇힘
6.갇힘,6.갇힘_173942_label.wav,갇힘
6.갇힘,6.갇힘_415883_label.wav,갇힘
6.갇힘,6.갇힘_169709_label.wav,갇힘
6.갇힘,6.갇힘_421367_label.wav,갇힘
6.갇힘,6.갇힘_168469_label.wav,갇힘
6.갇힘,6.갇힘_175576_label.wav,갇힘
6.갇힘,6.갇힘_415266_label.wav,갇힘
6.갇힘,6.갇힘_169480_label.wav,갇힘
6.갇힘,6.갇힘_177208_label.wav,갇힘
6.갇힘,6.갇힘_161763_label.wav,갇힘
6.갇힘,6.갇힘_184036_label.wav,갇힘
6.갇힘,6.갇힘_185223_label.wav,갇힘
6.갇힘,6.갇힘_189485_label.wav,갇힘
6.갇힘,6.갇힘_167099_label.wav,갇힘
6.갇힘,6.갇힘_175134_label.wav,갇힘
6.갇힘,6.갇힘_160573_label.wav,갇힘
6.갇힘,6.갇힘_161374_label.wav,갇힘
6.갇힘,6.갇힘_167492_label.wav,갇힘
6.갇힘,6.갇힘_175691_label.wav,갇힘
6.갇힘,6.갇힘_465452_label.wav,갇힘
6.갇힘,6.갇힘_169038_label.wav,갇힘
6.갇힘,6.갇힘_187459_label.wav,갇힘
6.갇힘,6.갇힘_161066_label.wav,갇힘
6.갇힘,6.갇힘_184055_label.wav,갇힘
6.갇힘,6.갇힘_168443_label.wav,갇힘
6.갇힘,6.갇힘_176831_label.wav,갇힘
6.갇힘,6.갇힘_170250_label.wav,갇힘
6.갇힘,6.갇힘_464971_label.wav,갇힘
6.갇힘,6.갇힘_172418_label.wav,갇힘
6.갇힘,6.갇힘_173482_label.wav,갇힘
6.갇힘,6.갇힘_174009_label.wav,갇힘
6.갇힘,6.갇힘_465041_label.wav,갇힘
6.갇힘,6.갇힘_166321_label.wav,갇힘
6.갇힘,6.갇힘_177060_label.wav,갇힘
6.갇힘,6.갇힘_178043_label.wav,갇힘
6.갇힘,6.갇힘_413121_label.wav,갇힘
6.갇힘,6.갇힘_183216_label.wav,갇힘
6.갇힘,6.갇힘_165758_label.wav,갇힘
6.갇힘,6.갇힘_184307_label.wav,갇힘
6.갇힘,6.갇힘_465031_label.wav,갇힘
6.갇힘,6.갇힘_465351_label.wav,갇힘
6.갇힘,6.갇힘_167324_label.wav,갇힘
6.갇힘,6.갇힘_164148_label.wav,갇힘
6.갇힘,6.갇힘_166888_label.wav,갇힘
6.갇힘,6.갇힘_187794_label.wav,갇힘
6.갇힘,6.갇힘_417467_label.wav,갇힘
6.갇힘,6.갇힘_420267_label.wav,갇힘
6.갇힘,6.갇힘_172065_label.wav,갇힘
6.갇힘,6.갇힘_172819_label.wav,갇힘
6.갇힘,6.갇힘_169059_label.wav,갇힘
6.갇힘,6.갇힘_376253_label.wav,갇힘
6.갇힘,6.갇힘_168918_label.wav,갇힘
6.갇힘,6.갇힘_170604_label.wav,갇힘
6.갇힘,6.갇힘_160415_label.wav,갇힘
6.갇힘,6.갇힘_178621_label.wav,갇힘
6.갇힘,6.갇힘_166704_label.wav,갇힘
6.갇힘,6.갇힘_178887_label.wav,갇힘
6.갇힘,6.갇힘_186341_label.wav,갇힘
6.갇힘,6.갇힘_164752_label.wav,갇힘
6.갇힘,6.갇힘_169847_label.wav,갇힘
6.갇힘,6.갇힘_163308_label.wav,갇힘
6.갇힘,6.갇힘_160829_label.wav,갇힘
6.갇힘,6.갇힘_465205_label.wav,갇힘
6.갇힘,6.갇힘_413690_label.wav,갇힘
6.갇힘,6.갇힘_176463_label.wav,갇힘
6.갇힘,6.갇힘_172483_label.wav,갇힘
6.갇힘,6.갇힘_175187_label.wav,갇힘
6.갇힘,6.갇힘_422243_label.wav,갇힘
6.갇힘,6.갇힘_162721_label.wav,갇힘
6.갇힘,6.갇힘_164835_label.wav,갇힘
6.갇힘,6.갇힘_160788_label.wav,갇힘
6.갇힘,6.갇힘_372072_label.wav,갇힘
6.갇힘,6.갇힘_163612_label.wav,갇힘
6.갇힘,6.갇힘_168753_label.wav,갇힘
6.갇힘,6.갇힘_184534_label.wav,갇힘
6.갇힘,6.갇힘_183519_label.wav,갇힘
6.갇힘,6.갇힘_188247_label.wav,갇힘
6.갇힘,6.갇힘_161005_label.wav,갇힘
6.갇힘,6.갇힘_161714_label.wav,갇힘
6.갇힘,6.갇힘_167158_label.wav,갇힘
6.갇힘,6.갇힘_177472_label.wav,갇힘
6.갇힘,6.갇힘_176342_label.wav,갇힘
6.갇힘,6.갇힘_161241_label.wav,갇힘
6.갇힘,6.갇힘_187615_label.wav,갇힘
6.갇힘,6.갇힘_166017_label.wav,갇힘
6.갇힘,6.갇힘_183757_label.wav,갇힘
6.갇힘,6.갇힘_178399_label.wav,갇힘
6.갇힘,6.갇힘_465502_label.wav,갇힘
6.갇힘,6.갇힘_418440_label.wav,갇힘
6.갇힘,6.갇힘_168671_label.wav,갇힘
6.갇힘,6.갇힘_177795_label.wav,갇힘
6.갇힘,6.갇힘_184597_label.wav,갇힘
6.갇힘,6.갇힘_375025_label.wav,갇힘
6.갇힘,6.갇힘_182809_label.wav,갇힘
6.갇힘,6.갇힘_161201_label.wav,갇힘
6.갇힘,6.갇힘_375922_label.wav,갇힘
6.갇힘,6.갇힘_183937_label.wav,갇힘
6.갇힘,6.갇힘_465469_label.wav,갇힘
6.갇힘,6.갇힘_161802_label.wav,갇힘
6.갇힘,6.갇힘_465650_label.wav,갇힘
6.갇힘,6.갇힘_178708_label.wav,갇힘
6.갇힘,6.갇힘_184603_label.wav,갇힘
6.갇힘,6.갇힘_172242_label.wav,갇힘
6.갇힘,6.갇힘_184865_label.wav,갇힘
6.갇힘,6.갇힘_465189_label.wav,갇힘
6.갇힘,6.갇힘_176623_label.wav,갇힘
6.갇힘,6.갇힘_174279_label.wav,갇힘
6.갇힘,6.갇힘_184005_label.wav,갇힘
6.갇힘,6.갇힘_163135_label.wav,갇힘
6.갇힘,6.갇힘_420842_label.wav,갇힘
6.갇힘,6.갇힘_465128_label.wav,갇힘
6.갇힘,6.갇힘_172266_label.wav,갇힘
6.갇힘,6.갇힘_181324_label.wav,갇힘
6.갇힘,6.갇힘_464981_label.wav,갇힘
6.갇힘,6.갇힘_171962_label.wav,갇힘
6.갇힘,6.갇힘_169204_label.wav,갇힘
6.갇힘,6.갇힘_170679_label.wav,갇힘
6.갇힘,6.갇힘_175643_label.wav,갇힘
6.갇힘,6.갇힘_169468_label.wav,갇힘
6.갇힘,6.갇힘_171816_label.wav,갇힘
6.갇힘,6.갇힘_173662_label.wav,갇힘
6.갇힘,6.갇힘_376792_label.wav,갇힘
6.갇힘,6.갇힘_174721_label.wav,갇힘
6.갇힘,6.갇힘_169593_label.wav,갇힘
6.갇힘,6.갇힘_465547_label.wav,갇힘
6.갇힘,6.갇힘_177014_label.wav,갇힘
6.갇힘,6.갇힘_182399_label.wav,갇힘
6.갇힘,6.갇힘_163338_label.wav,갇힘
6.갇힘,6.갇힘_171262_label.wav,갇힘
6.갇힘,6.갇힘_172379_label.wav,갇힘
6.갇힘,6.갇힘_169412_label.wav,갇힘
6.갇힘,6.갇힘_173837_label.wav,갇힘
6.갇힘,6.갇힘_173027_label.wav,갇힘
6.갇힘,6.갇힘_171057_label.wav,갇힘
6.갇힘,6.갇힘_375690_label.wav,갇힘
6.갇힘,6.갇힘_175683_label.wav,갇힘
6.갇힘,6.갇힘_167794_label.wav,갇힘
6.갇힘,6.갇힘_172341_label.wav,갇힘
6.갇힘,6.갇힘_418091_label.wav,갇힘
6.갇힘,6.갇힘_183425_label.wav,갇힘
6.갇힘,6.갇힘_166465_label.wav,갇힘
6.갇힘,6.갇힘_168799_label.wav,갇힘
6.갇힘,6.갇힘_188829_label.wav,갇힘
6.갇힘,6.갇힘_420685_label.wav,갇힘
6.갇힘,6.갇힘_178163_label.wav,갇힘
6.갇힘,6.갇힘_174182_label.wav,갇힘
6.갇힘,6.갇힘_164238_label.wav,갇힘
6.갇힘,6.갇힘_166123_label.wav,갇힘
6.갇힘,6.갇힘_188229_label.wav,갇힘
6.갇힘,6.갇힘_163909_label.wav,갇힘
6.갇힘,6.갇힘_373572_label.wav,갇힘
6.갇힘,6.갇힘_164571_label.wav,갇힘
6.갇힘,6.갇힘_167054_label.wav,갇힘
6.갇힘,6.갇힘_169235_label.wav,갇힘
6.갇힘,6.갇힘_165609_label.wav,갇힘
6.갇힘,6.갇힘_184974_label.wav,갇힘
6.갇힘,6.갇힘_175540_label.wav,갇힘
6.갇힘,6.갇힘_163039_label.wav,갇힘
6.갇힘,6.갇힘_175873_label.wav,갇힘
6.갇힘,6.갇힘_163004_label.wav,갇힘
6.갇힘,6.갇힘_177761_label.wav,갇힘
6.갇힘,6.갇힘_172312_label.wav,갇힘
6.갇힘,6.갇힘_172795_label.wav,갇힘
6.갇힘,6.갇힘_165776_label.wav,갇힘
6.갇힘,6.갇힘_167010_label.wav,갇힘
6.갇힘,6.갇힘_185540_label.wav,갇힘
6.갇힘,6.갇힘_165184_label.wav,갇힘
6.갇힘,6.갇힘_160222_label.wav,갇힘
6.갇힘,6.갇힘_465082_label.wav,갇힘
6.갇힘,6.갇힘_420057_label.wav,갇힘
6.갇힘,6.갇힘_161396_label.wav,갇힘
6.갇힘,6.갇힘_373924_label.wav,갇힘
6.갇힘,6.갇힘_168897_label.wav,갇힘
6.갇힘,6.갇힘_373390_label.wav,갇힘
6.갇힘,6.갇힘_168125_label.wav,갇힘
6.갇힘,6.갇힘_180336_label.wav,갇힘
6.갇힘,6.갇힘_167909_label.wav,갇힘
6.갇힘,6.갇힘_170143_label.wav,갇힘
6.갇힘,6.갇힘_465089_label.wav,갇힘
6.갇힘,6.갇힘_164386_label.wav,갇힘
6.갇힘,6.갇힘_169685_label.wav,갇힘
6.갇힘,6.갇힘_171315_label.wav,갇힘
6.갇힘,6.갇힘_161489_label.wav,갇힘
6.갇힘,6.갇힘_167607_label.wav,갇힘
6.갇힘,6.갇힘_160657_label.wav,갇힘
6.갇힘,6.갇힘_179961_label.wav,갇힘
6.갇힘,6.갇힘_375914_label.wav,갇힘
6.갇힘,6.갇힘_160718_label.wav,갇힘
6.갇힘,6.갇힘_160557_label.wav,갇힘
6.갇힘,6.갇힘_165329_label.wav,갇힘
6.갇힘,6.갇힘_182200_label.wav,갇힘
6.갇힘,6.갇힘_172015_label.wav,갇힘
6.갇힘,6.갇힘_178048_label.wav,갇힘
6.갇힘,6.갇힘_174265_label.wav,갇힘
6.갇힘,6.갇힘_167629_label.wav,갇힘
6.갇힘,6.갇힘_176476_label.wav,갇힘
6.갇힘,6.갇힘_172605_label.wav,갇힘
6.갇힘,6.갇힘_164118_label.wav,갇힘
6.갇힘,6.갇힘_178013_label.wav,갇힘
6.갇힘,6.갇힘_170182_label.wav,갇힘
6.갇힘,6.갇힘_166012_label.wav,갇힘
6.갇힘,6.갇힘_464941_label.wav,갇힘
6.갇힘,6.갇힘_419156_label.wav,갇힘
6.갇힘,6.갇힘_177744_label.wav,갇힘
6.갇힘,6.갇힘_173159_label.wav,갇힘
6.갇힘,6.갇힘_184949_label.wav,갇힘
6.갇힘,6.갇힘_166480_label.wav,갇힘
6.갇힘,6.갇힘_187452_label.wav,갇힘
6.갇힘,6.갇힘_172187_label.wav,갇힘
6.갇힘,6.갇힘_465305_label.wav,갇힘
6.갇힘,6.갇힘_179570_label.wav,갇힘
6.갇힘,6.갇힘_189033_label.wav,갇힘
6.갇힘,6.갇힘_414560_label.wav,갇힘
6.갇힘,6.갇힘_173321_label.wav,갇힘
6.갇힘,6.갇힘_164345_label.wav,갇힘
6.갇힘,6.갇힘_464923_label.wav,갇힘
6.갇힘,6.갇힘_183989_label.wav,갇힘
6.갇힘,6.갇힘_182569_label.wav,갇힘
6.갇힘,6.갇힘_465246_label.wav,갇힘
6.갇힘,6.갇힘_173084_label.wav,갇힘
6.갇힘,6.갇힘_167675_label.wav,갇힘
6.갇힘,6.갇힘_172262_label.wav,갇힘
6.갇힘,6.갇힘_372171_label.wav,갇힘
6.갇힘,6.갇힘_465524_label.wav,갇힘
6.갇힘,6.갇힘_181034_label.wav,갇힘
6.갇힘,6.갇힘_374493_label.wav,갇힘
6.갇힘,6.갇힘_183325_label.wav,갇힘
6.갇힘,6.갇힘_185955_label.wav,갇힘
6.갇힘,6.갇힘_169802_label.wav,갇힘
6.갇힘,6.갇힘_170742_label.wav,갇힘
6.갇힘,6.갇힘_183049_label.wav,갇힘
6.갇힘,6.갇힘_176090_label.wav,갇힘
6.갇힘,6.갇힘_376407_label.wav,갇힘
6.갇힘,6.갇힘_375919_label.wav,갇힘
6.갇힘,6.갇힘_165180_label.wav,갇힘
6.갇힘,6.갇힘_166411_label.wav,갇힘
6.갇힘,6.갇힘_413921_label.wav,갇힘
6.갇힘,6.갇힘_169117_label.wav,갇힘
6.갇힘,6.갇힘_183027_label.wav,갇힘
6.갇힘,6.갇힘_182643_label.wav,갇힘
6.갇힘,6.갇힘_177868_label.wav,갇힘
6.갇힘,6.갇힘_165640_label.wav,갇힘
6.갇힘,6.갇힘_175154_label.wav,갇힘
6.갇힘,6.갇힘_173059_label.wav,갇힘
6.갇힘,6.갇힘_373002_label.wav,갇힘
6.갇힘,6.갇힘_375246_label.wav,갇힘
6.갇힘,6.갇힘_416225_label.wav,갇힘
6.갇힘,6.갇힘_182827_label.wav,갇힘
6.갇힘,6.갇힘_177819_label.wav,갇힘
6.갇힘,6.갇힘_166824_label.wav,갇힘
6.갇힘,6.갇힘_177236_label.wav,갇힘
6.갇힘,6.갇힘_164020_label.wav,갇힘
6.갇힘,6.갇힘_176205_label.wav,갇힘
6.갇힘,6.갇힘_174194_label.wav,갇힘
6.갇힘,6.갇힘_160703_label.wav,갇힘
6.갇힘,6.갇힘_168298_label.wav,갇힘
6.갇힘,6.갇힘_163502_label.wav,갇힘
6.갇힘,6.갇힘_164359_label.wav,갇힘
6.갇힘,6.갇힘_169333_label.wav,갇힘
6.갇힘,6.갇힘_465523_label.wav,갇힘
6.갇힘,6.갇힘_166788_label.wav,갇힘
6.갇힘,6.갇힘_167094_label.wav,갇힘
6.갇힘,6.갇힘_465624_label.wav,갇힘
6.갇힘,6.갇힘_178294_label.wav,갇힘
6.갇힘,6.갇힘_378747_label.wav,갇힘
6.갇힘,6.갇힘_184715_label.wav,갇힘
6.갇힘,6.갇힘_174477_label.wav,갇힘
6.갇힘,6.갇힘_465260_label.wav,갇힘
6.갇힘,6.갇힘_373878_label.wav,갇힘
6.갇힘,6.갇힘_176589_label.wav,갇힘
6.갇힘,6.갇힘_161174_label.wav,갇힘
6.갇힘,6.갇힘_184020_label.wav,갇힘
6.갇힘,6.갇힘_378567_label.wav,갇힘
6.갇힘,6.갇힘_164908_label.wav,갇힘
6.갇힘,6.갇힘_167868_label.wav,갇힘
6.갇힘,6.갇힘_465243_label.wav,갇힘
6.갇힘,6.갇힘_175280_label.wav,갇힘
6.갇힘,6.갇힘_176459_label.wav,갇힘
6.갇힘,6.갇힘_168623_label.wav,갇힘
6.갇힘,6.갇힘_176558_label.wav,갇힘
6.갇힘,6.갇힘_176099_label.wav,갇힘
6.갇힘,6.갇힘_182790_label.wav,갇힘
6.갇힘,6.갇힘_175383_label.wav,갇힘
6.갇힘,6.갇힘_182868_label.wav,갇힘
6.갇힘,6.갇힘_189471_label.wav,갇힘
6.갇힘,6.갇힘_422563_label.wav,갇힘
6.갇힘,6.갇힘_175596_label.wav,갇힘
6.갇힘,6.갇힘_417016_label.wav,갇힘
6.갇힘,6.갇힘_168947_label.wav,갇힘
6.갇힘,6.갇힘_169452_label.wav,갇힘
6.갇힘,6.갇힘_417374_label.wav,갇힘
6.갇힘,6.갇힘_161111_label.wav,갇힘
6.갇힘,6.갇힘_181673_label.wav,갇힘
6.갇힘,6.갇힘_168581_label.wav,갇힘
6.갇힘,6.갇힘_175532_label.wav,갇힘
6.갇힘,6.갇힘_161558_label.wav,갇힘
6.갇힘,6.갇힘_371980_label.wav,갇힘
6.갇힘,6.갇힘_465565_label.wav,갇힘
6.갇힘,6.갇힘_376094_label.wav,갇힘
6.갇힘,6.갇힘_163043_label.wav,갇힘
6.갇힘,6.갇힘_169869_label.wav,갇힘
6.갇힘,6.갇힘_162387_label.wav,갇힘
6.갇힘,6.갇힘_169102_label.wav,갇힘
6.갇힘,6.갇힘_169719_label.wav,갇힘
6.갇힘,6.갇힘_174789_label.wav,갇힘
6.갇힘,6.갇힘_167339_label.wav,갇힘
6.갇힘,6.갇힘_174347_label.wav,갇힘
6.갇힘,6.갇힘_464961_label.wav,갇힘
6.갇힘,6.갇힘_373521_label.wav,갇힘
6.갇힘,6.갇힘_465242_label.wav,갇힘
6.갇힘,6.갇힘_175290_label.wav,갇힘
6.갇힘,6.갇힘_171638_label.wav,갇힘
6.갇힘,6.갇힘_176847_label.wav,갇힘
6.갇힘,6.갇힘_374873_label.wav,갇힘
6.갇힘,6.갇힘_464952_label.wav,갇힘
6.갇힘,6.갇힘_164793_label.wav,갇힘
6.갇힘,6.갇힘_377180_label.wav,갇힘
6.갇힘,6.갇힘_168811_label.wav,갇힘
6.갇힘,6.갇힘_183105_label.wav,갇힘
6.갇힘,6.갇힘_183388_label.wav,갇힘
6.갇힘,6.갇힘_169676_label.wav,갇힘
6.갇힘,6.갇힘_167175_label.wav,갇힘
6.갇힘,6.갇힘_421310_label.wav,갇힘
6.갇힘,6.갇힘_163828_label.wav,갇힘
6.갇힘,6.갇힘_163792_label.wav,갇힘
6.갇힘,6.갇힘_413674_label.wav,갇힘
6.갇힘,6.갇힘_163351_label.wav,갇힘
6.갇힘,6.갇힘_184450_label.wav,갇힘
6.갇힘,6.갇힘_169955_label.wav,갇힘
6.갇힘,6.갇힘_162348_label.wav,갇힘
6.갇힘,6.갇힘_172284_label.wav,갇힘
6.갇힘,6.갇힘_168042_label.wav,갇힘
6.갇힘,6.갇힘_465535_label.wav,갇힘
6.갇힘,6.갇힘_184954_label.wav,갇힘
6.갇힘,6.갇힘_177436_label.wav,갇힘
6.갇힘,6.갇힘_189047_label.wav,갇힘
6.갇힘,6.갇힘_169855_label.wav,갇힘
6.갇힘,6.갇힘_168596_label.wav,갇힘
6.갇힘,6.갇힘_163250_label.wav,갇힘
6.갇힘,6.갇힘_161198_label.wav,갇힘
6.갇힘,6.갇힘_175736_label.wav,갇힘
6.갇힘,6.갇힘_162945_label.wav,갇힘
6.갇힘,6.갇힘_172879_label.wav,갇힘
6.갇힘,6.갇힘_465448_label.wav,갇힘
6.갇힘,6.갇힘_168859_label.wav,갇힘
6.갇힘,6.갇힘_170933_label.wav,갇힘
6.갇힘,6.갇힘_414644_label.wav,갇힘
6.갇힘,6.갇힘_165852_label.wav,갇힘
6.갇힘,6.갇힘_184148_label.wav,갇힘
6.갇힘,6.갇힘_168861_label.wav,갇힘
6.갇힘,6.갇힘_163406_label.wav,갇힘
6.갇힘,6.갇힘_166577_label.wav,갇힘
6.갇힘,6.갇힘_173995_label.wav,갇힘
6.갇힘,6.갇힘_375441_label.wav,갇힘
6.갇힘,6.갇힘_169312_label.wav,갇힘
6.갇힘,6.갇힘_174217_label.wav,갇힘
6.갇힘,6.갇힘_167004_label.wav,갇힘
6.갇힘,6.갇힘_168143_label.wav,갇힘
6.갇힘,6.갇힘_165683_label.wav,갇힘
6.갇힘,6.갇힘_163490_label.wav,갇힘
6.갇힘,6.갇힘_173271_label.wav,갇힘
6.갇힘,6.갇힘_183955_label.wav,갇힘
6.갇힘,6.갇힘_170699_label.wav,갇힘
6.갇힘,6.갇힘_374441_label.wav,갇힘
6.갇힘,6.갇힘_465095_label.wav,갇힘
6.갇힘,6.갇힘_177427_label.wav,갇힘
6.갇힘,6.갇힘_170899_label.wav,갇힘
6.갇힘,6.갇힘_177464_label.wav,갇힘
6.갇힘,6.갇힘_161852_label.wav,갇힘
6.갇힘,6.갇힘_183707_label.wav,갇힘
6.갇힘,6.갇힘_172862_label.wav,갇힘
6.갇힘,6.갇힘_464937_label.wav,갇힘
6.갇힘,6.갇힘_184157_label.wav,갇힘
6.갇힘,6.갇힘_161229_label.wav,갇힘
6.갇힘,6.갇힘_372901_label.wav,갇힘
6.갇힘,6.갇힘_372720_label.wav,갇힘
6.갇힘,6.갇힘_167712_label.wav,갇힘
6.갇힘,6.갇힘_183694_label.wav,갇힘
6.갇힘,6.갇힘_465113_label.wav,갇힘
6.갇힘,6.갇힘_465628_label.wav,갇힘
6.갇힘,6.갇힘_170333_label.wav,갇힘
6.갇힘,6.갇힘_178385_label.wav,갇힘
6.갇힘,6.갇힘_175850_label.wav,갇힘
6.갇힘,6.갇힘_413790_label.wav,갇힘
6.갇힘,6.갇힘_184988_label.wav,갇힘
6.갇힘,6.갇힘_169892_label.wav,갇힘
6.갇힘,6.갇힘_163831_label.wav,갇힘
6.갇힘,6.갇힘_162077_label.wav,갇힘
6.갇힘,6.갇힘_169908_label.wav,갇힘
6.갇힘,6.갇힘_184366_label.wav,갇힘
6.갇힘,6.갇힘_372460_label.wav,갇힘
6.갇힘,6.갇힘_160207_label.wav,갇힘
6.갇힘,6.갇힘_177862_label.wav,갇힘
6.갇힘,6.갇힘_161678_label.wav,갇힘
6.갇힘,6.갇힘_167273_label.wav,갇힘
6.갇힘,6.갇힘_166733_label.wav,갇힘
6.갇힘,6.갇힘_378708_label.wav,갇힘
6.갇힘,6.갇힘_177224_label.wav,갇힘
6.갇힘,6.갇힘_169171_label.wav,갇힘
6.갇힘,6.갇힘_173081_label.wav,갇힘
6.갇힘,6.갇힘_173849_label.wav,갇힘
6.갇힘,6.갇힘_161606_label.wav,갇힘
6.갇힘,6.갇힘_465184_label.wav,갇힘
6.갇힘,6.갇힘_465311_label.wav,갇힘
6.갇힘,6.갇힘_465327_label.wav,갇힘
6.갇힘,6.갇힘_166813_label.wav,갇힘
6.갇힘,6.갇힘_169998_label.wav,갇힘
6.갇힘,6.갇힘_167046_label.wav,갇힘
6.갇힘,6.갇힘_373817_label.wav,갇힘
6.갇힘,6.갇힘_171186_label.wav,갇힘
6.갇힘,6.갇힘_377687_label.wav,갇힘
6.갇힘,6.갇힘_165927_label.wav,갇힘
6.갇힘,6.갇힘_170971_label.wav,갇힘
6.갇힘,6.갇힘_183630_label.wav,갇힘
6.갇힘,6.갇힘_173307_label.wav,갇힘
6.갇힘,6.갇힘_182118_label.wav,갇힘
6.갇힘,6.갇힘_465004_label.wav,갇힘
6.갇힘,6.갇힘_180760_label.wav,갇힘
6.갇힘,6.갇힘_179181_label.wav,갇힘
6.갇힘,6.갇힘_376943_label.wav,갇힘
6.갇힘,6.갇힘_177022_label.wav,갇힘
6.갇힘,6.갇힘_160298_label.wav,갇힘
6.갇힘,6.갇힘_161753_label.wav,갇힘
6.갇힘,6.갇힘_184126_label.wav,갇힘
6.갇힘,6.갇힘_167076_label.wav,갇힘
6.갇힘,6.갇힘_166962_label.wav,갇힘
6.갇힘,6.갇힘_171660_label.wav,갇힘
6.갇힘,6.갇힘_175826_label.wav,갇힘
6.갇힘,6.갇힘_176702_label.wav,갇힘
6.갇힘,6.갇힘_173755_label.wav,갇힘
6.갇힘,6.갇힘_186076_label.wav,갇힘
6.갇힘,6.갇힘_164919_label.wav,갇힘
6.갇힘,6.갇힘_417456_label.wav,갇힘
6.갇힘,6.갇힘_174335_label.wav,갇힘
6.갇힘,6.갇힘_173003_label.wav,갇힘
6.갇힘,6.갇힘_422020_label.wav,갇힘
6.갇힘,6.갇힘_166279_label.wav,갇힘
6.갇힘,6.갇힘_183736_label.wav,갇힘
6.갇힘,6.갇힘_188207_label.wav,갇힘
6.갇힘,6.갇힘_169459_label.wav,갇힘
6.갇힘,6.갇힘_184794_label.wav,갇힘
6.갇힘,6.갇힘_180633_label.wav,갇힘
6.갇힘,6.갇힘_160955_label.wav,갇힘
6.갇힘,6.갇힘_169437_label.wav,갇힘
6.갇힘,6.갇힘_465080_label.wav,갇힘
6.갇힘,6.갇힘_177191_label.wav,갇힘
6.갇힘,6.갇힘_167899_label.wav,갇힘
6.갇힘,6.갇힘_168166_label.wav,갇힘
6.갇힘,6.갇힘_179123_label.wav,갇힘
6.갇힘,6.갇힘_421224_label.wav,갇힘
6.갇힘,6.갇힘_465217_label.wav,갇힘
6.갇힘,6.갇힘_163098_label.wav,갇힘
6.갇힘,6.갇힘_181870_label.wav,갇힘
6.갇힘,6.갇힘_160621_label.wav,갇힘
6.갇힘,6.갇힘_414019_label.wav,갇힘
6.갇힘,6.갇힘_174036_label.wav,갇힘
6.갇힘,6.갇힘_171250_label.wav,갇힘
6.갇힘,6.갇힘_167963_label.wav,갇힘
6.갇힘,6.갇힘_163284_label.wav,갇힘
6.갇힘,6.갇힘_180817_label.wav,갇힘
6.갇힘,6.갇힘_160974_label.wav,갇힘
6.갇힘,6.갇힘_184670_label.wav,갇힘
6.갇힘,6.갇힘_186757_label.wav,갇힘
6.갇힘,6.갇힘_465160_label.wav,갇힘
6.갇힘,6.갇힘_171376_label.wav,갇힘
6.갇힘,6.갇힘_167560_label.wav,갇힘
6.갇힘,6.갇힘_168201_label.wav,갇힘
6.갇힘,6.갇힘_160226_label.wav,갇힘
6.갇힘,6.갇힘_173325_label.wav,갇힘
6.갇힘,6.갇힘_182546_label.wav,갇힘
6.갇힘,6.갇힘_465151_label.wav,갇힘
6.갇힘,6.갇힘_183187_label.wav,갇힘
6.갇힘,6.갇힘_162864_label.wav,갇힘
6.갇힘,6.갇힘_176552_label.wav,갇힘
6.갇힘,6.갇힘_162648_label.wav,갇힘
6.갇힘,6.갇힘_164595_label.wav,갇힘
6.갇힘,6.갇힘_174228_label.wav,갇힘
6.갇힘,6.갇힘_376941_label.wav,갇힘
6.갇힘,6.갇힘_168159_label.wav,갇힘
6.갇힘,6.갇힘_164941_label.wav,갇힘
6.갇힘,6.갇힘_465586_label.wav,갇힘
6.갇힘,6.갇힘_174320_label.wav,갇힘
6.갇힘,6.갇힘_178316_label.wav,갇힘
6.갇힘,6.갇힘_163373_label.wav,갇힘
6.갇힘,6.갇힘_184204_label.wav,갇힘
6.갇힘,6.갇힘_185604_label.wav,갇힘
6.갇힘,6.갇힘_177337_label.wav,갇힘
6.갇힘,6.갇힘_181849_label.wav,갇힘
6.갇힘,6.갇힘_175262_label.wav,갇힘
6.갇힘,6.갇힘_165117_label.wav,갇힘
6.갇힘,6.갇힘_465271_label.wav,갇힘
6.갇힘,6.갇힘_183254_label.wav,갇힘
6.갇힘,6.갇힘_177212_label.wav,갇힘
6.갇힘,6.갇힘_167263_label.wav,갇힘
6.갇힘,6.갇힘_182567_label.wav,갇힘
6.갇힘,6.갇힘_174571_label.wav,갇힘
6.갇힘,6.갇힘_165292_label.wav,갇힘
6.갇힘,6.갇힘_172397_label.wav,갇힘
6.갇힘,6.갇힘_373170_label.wav,갇힘
6.갇힘,6.갇힘_184677_label.wav,갇힘
6.갇힘,6.갇힘_174516_label.wav,갇힘
6.갇힘,6.갇힘_175600_label.wav,갇힘
6.갇힘,6.갇힘_166197_label.wav,갇힘
6.갇힘,6.갇힘_167124_label.wav,갇힘
6.갇힘,6.갇힘_180488_label.wav,갇힘
6.갇힘,6.갇힘_183058_label.wav,갇힘
6.갇힘,6.갇힘_175298_label.wav,갇힘
6.갇힘,6.갇힘_465551_label.wav,갇힘
6.갇힘,6.갇힘_187539_label.wav,갇힘
6.갇힘,6.갇힘_164031_label.wav,갇힘
6.갇힘,6.갇힘_173206_label.wav,갇힘
6.갇힘,6.갇힘_415331_label.wav,갇힘
6.갇힘,6.갇힘_188219_label.wav,갇힘
6.갇힘,6.갇힘_167818_label.wav,갇힘
6.갇힘,6.갇힘_177826_label.wav,갇힘
6.갇힘,6.갇힘_179820_label.wav,갇힘
6.갇힘,6.갇힘_162763_label.wav,갇힘
6.갇힘,6.갇힘_164713_label.wav,갇힘
6.갇힘,6.갇힘_174116_label.wav,갇힘
6.갇힘,6.갇힘_160690_label.wav,갇힘
6.갇힘,6.갇힘_186635_label.wav,갇힘
6.갇힘,6.갇힘_184275_label.wav,갇힘
6.갇힘,6.갇힘_171949_label.wav,갇힘
6.갇힘,6.갇힘_175074_label.wav,갇힘
6.갇힘,6.갇힘_177987_label.wav,갇힘
6.갇힘,6.갇힘_180987_label.wav,갇힘
6.갇힘,6.갇힘_184553_label.wav,갇힘
6.갇힘,6.갇힘_465364_label.wav,갇힘
6.갇힘,6.갇힘_161479_label.wav,갇힘
6.갇힘,6.갇힘_172401_label.wav,갇힘
6.갇힘,6.갇힘_164318_label.wav,갇힘
6.갇힘,6.갇힘_167485_label.wav,갇힘
6.갇힘,6.갇힘_376220_label.wav,갇힘
6.갇힘,6.갇힘_161660_label.wav,갇힘
6.갇힘,6.갇힘_187754_label.wav,갇힘
6.갇힘,6.갇힘_417785_label.wav,갇힘
6.갇힘,6.갇힘_172552_label.wav,갇힘
6.갇힘,6.갇힘_418564_label.wav,갇힘
6.갇힘,6.갇힘_166438_label.wav,갇힘
6.갇힘,6.갇힘_162263_label.wav,갇힘
6.갇힘,6.갇힘_184612_label.wav,갇힘
6.갇힘,6.갇힘_183890_label.wav,갇힘
6.갇힘,6.갇힘_176891_label.wav,갇힘
6.갇힘,6.갇힘_164413_label.wav,갇힘
6.갇힘,6.갇힘_417738_label.wav,갇힘
6.갇힘,6.갇힘_419963_label.wav,갇힘
6.갇힘,6.갇힘_165742_label.wav,갇힘
6.갇힘,6.갇힘_161698_label.wav,갇힘
6.갇힘,6.갇힘_176213_label.wav,갇힘
6.갇힘,6.갇힘_171834_label.wav,갇힘
6.갇힘,6.갇힘_163011_label.wav,갇힘
6.갇힘,6.갇힘_464980_label.wav,갇힘
6.갇힘,6.갇힘_415703_label.wav,갇힘
6.갇힘,6.갇힘_181191_label.wav,갇힘
6.갇힘,6.갇힘_414398_label.wav,갇힘
6.갇힘,6.갇힘_172319_label.wav,갇힘
6.갇힘,6.갇힘_185314_label.wav,갇힘
6.갇힘,6.갇힘_162116_label.wav,갇힘
6.갇힘,6.갇힘_164678_label.wav,갇힘
6.갇힘,6.갇힘_183859_label.wav,갇힘
6.갇힘,6.갇힘_171656_label.wav,갇힘
6.갇힘,6.갇힘_169772_label.wav,갇힘
6.갇힘,6.갇힘_418320_label.wav,갇힘
6.갇힘,6.갇힘_172166_label.wav,갇힘
6.갇힘,6.갇힘_176659_label.wav,갇힘
6.갇힘,6.갇힘_186055_label.wav,갇힘
6.갇힘,6.갇힘_166868_label.wav,갇힘
6.갇힘,6.갇힘_184789_label.wav,갇힘
6.갇힘,6.갇힘_160725_label.wav,갇힘
6.갇힘,6.갇힘_169062_label.wav,갇힘
6.갇힘,6.갇힘_184396_label.wav,갇힘
6.갇힘,6.갇힘_175610_label.wav,갇힘
6.갇힘,6.갇힘_167872_label.wav,갇힘
6.갇힘,6.갇힘_165933_label.wav,갇힘
6.갇힘,6.갇힘_168004_label.wav,갇힘
6.갇힘,6.갇힘_419268_label.wav,갇힘
6.갇힘,6.갇힘_160449_label.wav,갇힘
6.갇힘,6.갇힘_465546_label.wav,갇힘
6.갇힘,6.갇힘_178743_label.wav,갇힘
6.갇힘,6.갇힘_160242_label.wav,갇힘
6.갇힘,6.갇힘_465385_label.wav,갇힘
6.갇힘,6.갇힘_464935_label.wav,갇힘
6.갇힘,6.갇힘_184884_label.wav,갇힘
6.갇힘,6.갇힘_166092_label.wav,갇힘
6.갇힘,6.갇힘_174318_label.wav,갇힘
6.갇힘,6.갇힘_164195_label.wav,갇힘
6.갇힘,6.갇힘_172640_label.wav,갇힘
6.갇힘,6.갇힘_162395_label.wav,갇힘
6.갇힘,6.갇힘_374990_label.wav,갇힘
6.갇힘,6.갇힘_160880_label.wav,갇힘
6.갇힘,6.갇힘_423047_label.wav,갇힘
6.갇힘,6.갇힘_465116_label.wav,갇힘
6.갇힘,6.갇힘_184142_label.wav,갇힘
6.갇힘,6.갇힘_171573_label.wav,갇힘
6.갇힘,6.갇힘_375294_label.wav,갇힘
6.갇힘,6.갇힘_183081_label.wav,갇힘
6.갇힘,6.갇힘_168521_label.wav,갇힘
6.갇힘,6.갇힘_160774_label.wav,갇힘
6.갇힘,6.갇힘_184543_label.wav,갇힘
6.갇힘,6.갇힘_162113_label.wav,갇힘
6.갇힘,6.갇힘_183414_label.wav,갇힘
6.갇힘,6.갇힘_185386_label.wav,갇힘
6.갇힘,6.갇힘_184515_label.wav,갇힘
6.갇힘,6.갇힘_168570_label.wav,갇힘
6.갇힘,6.갇힘_161781_label.wav,갇힘
6.갇힘,6.갇힘_415373_label.wav,갇힘
6.갇힘,6.갇힘_465659_label.wav,갇힘
6.갇힘,6.갇힘_161735_label.wav,갇힘
6.갇힘,6.갇힘_184839_label.wav,갇힘
6.갇힘,6.갇힘_418724_label.wav,갇힘
6.갇힘,6.갇힘_162499_label.wav,갇힘
6.갇힘,6.갇힘_416166_label.wav,갇힘
6.갇힘,6.갇힘_182146_label.wav,갇힘
6.갇힘,6.갇힘_182943_label.wav,갇힘
6.갇힘,6.갇힘_174960_label.wav,갇힘
6.갇힘,6.갇힘_168976_label.wav,갇힘
6.갇힘,6.갇힘_170438_label.wav,갇힘
6.갇힘,6.갇힘_163105_label.wav,갇힘
6.갇힘,6.갇힘_182724_label.wav,갇힘
6.갇힘,6.갇힘_165708_label.wav,갇힘
6.갇힘,6.갇힘_170449_label.wav,갇힘
6.갇힘,6.갇힘_171312_label.wav,갇힘
6.갇힘,6.갇힘_173988_label.wav,갇힘
6.갇힘,6.갇힘_178108_label.wav,갇힘
6.갇힘,6.갇힘_166208_label.wav,갇힘
6.갇힘,6.갇힘_374019_label.wav,갇힘
6.갇힘,6.갇힘_182934_label.wav,갇힘
6.갇힘,6.갇힘_172080_label.wav,갇힘
6.갇힘,6.갇힘_172593_label.wav,갇힘
6.갇힘,6.갇힘_176945_label.wav,갇힘
6.갇힘,6.갇힘_161711_label.wav,갇힘
6.갇힘,6.갇힘_179193_label.wav,갇힘
6.갇힘,6.갇힘_169810_label.wav,갇힘
6.갇힘,6.갇힘_171731_label.wav,갇힘
6.갇힘,6.갇힘_173113_label.wav,갇힘
6.갇힘,6.갇힘_163778_label.wav,갇힘
6.갇힘,6.갇힘_174202_label.wav,갇힘
6.갇힘,6.갇힘_378285_label.wav,갇힘
6.갇힘,6.갇힘_178783_label.wav,갇힘
6.갇힘,6.갇힘_420503_label.wav,갇힘
6.갇힘,6.갇힘_167666_label.wav,갇힘
6.갇힘,6.갇힘_169742_label.wav,갇힘
6.갇힘,6.갇힘_173567_label.wav,갇힘
6.갇힘,6.갇힘_421434_label.wav,갇힘
6.갇힘,6.갇힘_165855_label.wav,갇힘
6.갇힘,6.갇힘_420045_label.wav,갇힘
6.갇힘,6.갇힘_178217_label.wav,갇힘
6.갇힘,6.갇힘_371407_label.wav,갇힘
6.갇힘,6.갇힘_465261_label.wav,갇힘
6.갇힘,6.갇힘_377940_label.wav,갇힘
6.갇힘,6.갇힘_183837_label.wav,갇힘
6.갇힘,6.갇힘_465091_label.wav,갇힘
6.갇힘,6.갇힘_419296_label.wav,갇힘
6.갇힘,6.갇힘_183672_label.wav,갇힘
6.갇힘,6.갇힘_378670_label.wav,갇힘
6.갇힘,6.갇힘_465280_label.wav,갇힘
6.갇힘,6.갇힘_465088_label.wav,갇힘
6.갇힘,6.갇힘_166655_label.wav,갇힘
6.갇힘,6.갇힘_177563_label.wav,갇힘
6.갇힘,6.갇힘_162251_label.wav,갇힘
6.갇힘,6.갇힘_465379_label.wav,갇힘
6.갇힘,6.갇힘_167354_label.wav,갇힘
6.갇힘,6.갇힘_161021_label.wav,갇힘
6.갇힘,6.갇힘_465584_label.wav,갇힘
6.갇힘,6.갇힘_166710_label.wav,갇힘
6.갇힘,6.갇힘_177440_label.wav,갇힘
6.갇힘,6.갇힘_163366_label.wav,갇힘
6.갇힘,6.갇힘_165984_label.wav,갇힘
6.갇힘,6.갇힘_465054_label.wav,갇힘
6.갇힘,6.갇힘_163486_label.wav,갇힘
6.갇힘,6.갇힘_416170_label.wav,갇힘
6.갇힘,6.갇힘_422624_label.wav,갇힘
6.갇힘,6.갇힘_375965_label.wav,갇힘
6.갇힘,6.갇힘_416929_label.wav,갇힘
6.갇힘,6.갇힘_416537_label.wav,갇힘
6.갇힘,6.갇힘_173372_label.wav,갇힘
6.갇힘,6.갇힘_414875_label.wav,갇힘
6.갇힘,6.갇힘_167314_label.wav,갇힘
6.갇힘,6.갇힘_422605_label.wav,갇힘
6.갇힘,6.갇힘_378506_label.wav,갇힘
6.갇힘,6.갇힘_418803_label.wav,갇힘
6.갇힘,6.갇힘_181177_label.wav,갇힘
6.갇힘,6.갇힘_173347_label.wav,갇힘
6.갇힘,6.갇힘_168695_label.wav,갇힘
6.갇힘,6.갇힘_465277_label.wav,갇힘
6.갇힘,6.갇힘_373182_label.wav,갇힘
6.갇힘,6.갇힘_169297_label.wav,갇힘
6.갇힘,6.갇힘_464995_label.wav,갇힘
6.갇힘,6.갇힘_175120_label.wav,갇힘
6.갇힘,6.갇힘_166520_label.wav,갇힘
6.갇힘,6.갇힘_465034_label.wav,갇힘
6.갇힘,6.갇힘_376268_label.wav,갇힘
6.갇힘,6.갇힘_162607_label.wav,갇힘
6.갇힘,6.갇힘_167478_label.wav,갇힘
6.갇힘,6.갇힘_171711_label.wav,갇힘
6.갇힘,6.갇힘_378214_label.wav,갇힘
6.갇힘,6.갇힘_166502_label.wav,갇힘
6.갇힘,6.갇힘_378309_label.wav,갇힘
6.갇힘,6.갇힘_371634_label.wav,갇힘
6.갇힘,6.갇힘_421085_label.wav,갇힘
6.갇힘,6.갇힘_172209_label.wav,갇힘
6.갇힘,6.갇힘_161126_label.wav,갇힘
6.갇힘,6.갇힘_168925_label.wav,갇힘
6.갇힘,6.갇힘_163498_label.wav,갇힘
6.갇힘,6.갇힘_182597_label.wav,갇힘
6.갇힘,6.갇힘_164492_label.wav,갇힘
6.갇힘,6.갇힘_465434_label.wav,갇힘
6.갇힘,6.갇힘_162102_label.wav,갇힘
6.갇힘,6.갇힘_417574_label.wav,갇힘
6.갇힘,6.갇힘_160980_label.wav,갇힘
6.갇힘,6.갇힘_420646_label.wav,갇힘
6.갇힘,6.갇힘_162326_label.wav,갇힘
6.갇힘,6.갇힘_465125_label.wav,갇힘
6.갇힘,6.갇힘_164863_label.wav,갇힘
6.갇힘,6.갇힘_176613_label.wav,갇힘
6.갇힘,6.갇힘_174577_label.wav,갇힘
6.갇힘,6.갇힘_160392_label.wav,갇힘
6.갇힘,6.갇힘_419235_label.wav,갇힘
6.갇힘,6.갇힘_172990_label.wav,갇힘
6.갇힘,6.갇힘_166694_label.wav,갇힘
6.갇힘,6.갇힘_171530_label.wav,갇힘
6.갇힘,6.갇힘_186769_label.wav,갇힘
6.갇힘,6.갇힘_184185_label.wav,갇힘
6.갇힘,6.갇힘_168405_label.wav,갇힘
6.갇힘,6.갇힘_166421_label.wav,갇힘
6.갇힘,6.갇힘_162886_label.wav,갇힘
6.갇힘,6.갇힘_177254_label.wav,갇힘
6.갇힘,6.갇힘_161028_label.wav,갇힘
6.갇힘,6.갇힘_165396_label.wav,갇힘
6.갇힘,6.갇힘_168555_label.wav,갇힘
6.갇힘,6.갇힘_465421_label.wav,갇힘
6.갇힘,6.갇힘_169764_label.wav,갇힘
6.갇힘,6.갇힘_162829_label.wav,갇힘
6.갇힘,6.갇힘_465600_label.wav,갇힘
6.갇힘,6.갇힘_183288_label.wav,갇힘
6.갇힘,6.갇힘_163111_label.wav,갇힘
6.갇힘,6.갇힘_415441_label.wav,갇힘
6.갇힘,6.갇힘_465122_label.wav,갇힘
6.갇힘,6.갇힘_172025_label.wav,갇힘
6.갇힘,6.갇힘_184061_label.wav,갇힘
6.갇힘,6.갇힘_181666_label.wav,갇힘
6.갇힘,6.갇힘_170408_label.wav,갇힘
6.갇힘,6.갇힘_183651_label.wav,갇힘
6.갇힘,6.갇힘_170541_label.wav,갇힘
6.갇힘,6.갇힘_176610_label.wav,갇힘
6.갇힘,6.갇힘_413800_label.wav,갇힘
6.갇힘,6.갇힘_465129_label.wav,갇힘
6.갇힘,6.갇힘_164812_label.wav,갇힘
6.갇힘,6.갇힘_168817_label.wav,갇힘
6.갇힘,6.갇힘_162973_label.wav,갇힘
6.갇힘,6.갇힘_169426_label.wav,갇힘
6.갇힘,6.갇힘_181779_label.wav,갇힘
6.갇힘,6.갇힘_166348_label.wav,갇힘
6.갇힘,6.갇힘_185837_label.wav,갇힘
6.갇힘,6.갇힘_162743_label.wav,갇힘
6.갇힘,6.갇힘_172597_label.wav,갇힘
6.갇힘,6.갇힘_172576_label.wav,갇힘
6.갇힘,6.갇힘_166498_label.wav,갇힘
6.갇힘,6.갇힘_160499_label.wav,갇힘
6.갇힘,6.갇힘_417964_label.wav,갇힘
6.갇힘,6.갇힘_371755_label.wav,갇힘
6.갇힘,6.갇힘_182899_label.wav,갇힘
6.갇힘,6.갇힘_175907_label.wav,갇힘
6.갇힘,6.갇힘_173019_label.wav,갇힘
6.갇힘,6.갇힘_167753_label.wav,갇힘
6.갇힘,6.갇힘_376695_label.wav,갇힘
6.갇힘,6.갇힘_166229_label.wav,갇힘
6.갇힘,6.갇힘_168017_label.wav,갇힘
6.갇힘,6.갇힘_168642_label.wav,갇힘
6.갇힘,6.갇힘_465645_label.wav,갇힘
6.갇힘,6.갇힘_178280_label.wav,갇힘
6.갇힘,6.갇힘_180349_label.wav,갇힘
6.갇힘,6.갇힘_182958_label.wav,갇힘
6.갇힘,6.갇힘_187769_label.wav,갇힘
6.갇힘,6.갇힘_418232_label.wav,갇힘
6.갇힘,6.갇힘_415347_label.wav,갇힘
6.갇힘,6.갇힘_162876_label.wav,갇힘
6.갇힘,6.갇힘_164866_label.wav,갇힘
6.갇힘,6.갇힘_160477_label.wav,갇힘
6.갇힘,6.갇힘_422362_label.wav,갇힘
6.갇힘,6.갇힘_465188_label.wav,갇힘
6.갇힘,6.갇힘_168155_label.wav,갇힘
6.갇힘,6.갇힘_165347_label.wav,갇힘
6.갇힘,6.갇힘_174975_label.wav,갇힘
6.갇힘,6.갇힘_161260_label.wav,갇힘
6.갇힘,6.갇힘_184836_label.wav,갇힘
6.갇힘,6.갇힘_172141_label.wav,갇힘
6.갇힘,6.갇힘_373951_label.wav,갇힘
6.갇힘,6.갇힘_166256_label.wav,갇힘
6.갇힘,6.갇힘_419530_label.wav,갇힘
6.갇힘,6.갇힘_170297_label.wav,갇힘
6.갇힘,6.갇힘_166390_label.wav,갇힘
6.갇힘,6.갇힘_167670_label.wav,갇힘
6.갇힘,6.갇힘_163146_label.wav,갇힘
6.갇힘,6.갇힘_176696_label.wav,갇힘
6.갇힘,6.갇힘_174507_label.wav,갇힘
6.갇힘,6.갇힘_422066_label.wav,갇힘
6.갇힘,6.갇힘_465675_label.wav,갇힘
6.갇힘,6.갇힘_464982_label.wav,갇힘
6.갇힘,6.갇힘_163681_label.wav,갇힘
6.갇힘,6.갇힘_419943_label.wav,갇힘
6.갇힘,6.갇힘_176148_label.wav,갇힘
6.갇힘,6.갇힘_185631_label.wav,갇힘
6.갇힘,6.갇힘_183846_label.wav,갇힘
6.갇힘,6.갇힘_164027_label.wav,갇힘
6.갇힘,6.갇힘_374649_label.wav,갇힘
6.갇힘,6.갇힘_176084_label.wav,갇힘
6.갇힘,6.갇힘_378905_label.wav,갇힘
6.갇힘,6.갇힘_421901_label.wav,갇힘
6.갇힘,6.갇힘_184476_label.wav,갇힘
6.갇힘,6.갇힘_183150_label.wav,갇힘
6.갇힘,6.갇힘_465383_label.wav,갇힘
6.갇힘,6.갇힘_176303_label.wav,갇힘
6.갇힘,6.갇힘_188769_label.wav,갇힘
6.갇힘,6.갇힘_181375_label.wav,갇힘
6.갇힘,6.갇힘_170318_label.wav,갇힘
6.갇힘,6.갇힘_174626_label.wav,갇힘
6.갇힘,6.갇힘_165279_label.wav,갇힘
6.갇힘,6.갇힘_414660_label.wav,갇힘
6.갇힘,6.갇힘_162754_label.wav,갇힘
6.갇힘,6.갇힘_175446_label.wav,갇힘
6.갇힘,6.갇힘_371381_label.wav,갇힘
6.갇힘,6.갇힘_182543_label.wav,갇힘
6.갇힘,6.갇힘_169141_label.wav,갇힘
6.갇힘,6.갇힘_422779_label.wav,갇힘
6.갇힘,6.갇힘_465643_label.wav,갇힘
6.갇힘,6.갇힘_170127_label.wav,갇힘
6.갇힘,6.갇힘_465465_label.wav,갇힘
6.갇힘,6.갇힘_465501_label.wav,갇힘
6.갇힘,6.갇힘_164276_label.wav,갇힘
6.갇힘,6.갇힘_465449_label.wav,갇힘
6.갇힘,6.갇힘_377815_label.wav,갇힘
6.갇힘,6.갇힘_372091_label.wav,갇힘
6.갇힘,6.갇힘_173108_label.wav,갇힘
6.갇힘,6.갇힘_166568_label.wav,갇힘
6.갇힘,6.갇힘_171296_label.wav,갇힘
6.갇힘,6.갇힘_171642_label.wav,갇힘
6.갇힘,6.갇힘_167693_label.wav,갇힘
6.갇힘,6.갇힘_172853_label.wav,갇힘
6.갇힘,6.갇힘_163852_label.wav,갇힘
6.갇힘,6.갇힘_170918_label.wav,갇힘
6.갇힘,6.갇힘_171308_label.wav,갇힘
6.갇힘,6.갇힘_165719_label.wav,갇힘
6.갇힘,6.갇힘_164884_label.wav,갇힘
6.갇힘,6.갇힘_160460_label.wav,갇힘
6.갇힘,6.갇힘_160465_label.wav,갇힘
6.갇힘,6.갇힘_464919_label.wav,갇힘
6.갇힘,6.갇힘_167064_label.wav,갇힘
6.갇힘,6.갇힘_167426_label.wav,갇힘
6.갇힘,6.갇힘_165192_label.wav,갇힘
6.갇힘,6.갇힘_186090_label.wav,갇힘
6.갇힘,6.갇힘_183509_label.wav,갇힘
6.갇힘,6.갇힘_168372_label.wav,갇힘
6.갇힘,6.갇힘_161002_label.wav,갇힘
6.갇힘,6.갇힘_166848_label.wav,갇힘
6.갇힘,6.갇힘_165378_label.wav,갇힘
6.갇힘,6.갇힘_465367_label.wav,갇힘
6.갇힘,6.갇힘_184615_label.wav,갇힘
6.갇힘,6.갇힘_162796_label.wav,갇힘
6.갇힘,6.갇힘_377059_label.wav,갇힘
6.갇힘,6.갇힘_183663_label.wav,갇힘
6.갇힘,6.갇힘_163949_label.wav,갇힘
6.갇힘,6.갇힘_182626_label.wav,갇힘
6.갇힘,6.갇힘_416622_label.wav,갇힘
6.갇힘,6.갇힘_175245_label.wav,갇힘
6.갇힘,6.갇힘_465211_label.wav,갇힘
6.갇힘,6.갇힘_171396_label.wav,갇힘
6.갇힘,6.갇힘_176371_label.wav,갇힘
6.갇힘,6.갇힘_161212_label.wav,갇힘
6.갇힘,6.갇힘_161470_label.wav,갇힘
6.갇힘,6.갇힘_170263_label.wav,갇힘
6.갇힘,6.갇힘_376620_label.wav,갇힘
6.갇힘,6.갇힘_376041_label.wav,갇힘
6.갇힘,6.갇힘_371487_label.wav,갇힘
6.갇힘,6.갇힘_374265_label.wav,갇힘
6.갇힘,6.갇힘_177164_label.wav,갇힘
6.갇힘,6.갇힘_163967_label.wav,갇힘
6.갇힘,6.갇힘_180698_label.wav,갇힘
6.갇힘,6.갇힘_420179_label.wav,갇힘
6.갇힘,6.갇힘_165628_label.wav,갇힘
6.갇힘,6.갇힘_415714_label.wav,갇힘
6.갇힘,6.갇힘_183972_label.wav,갇힘
6.갇힘,6.갇힘_167197_label.wav,갇힘
6.갇힘,6.갇힘_464966_label.wav,갇힘
6.갇힘,6.갇힘_188302_label.wav,갇힘
6.갇힘,6.갇힘_173552_label.wav,갇힘
6.갇힘,6.갇힘_178809_label.wav,갇힘
6.갇힘,6.갇힘_166084_label.wav,갇힘
6.갇힘,6.갇힘_160539_label.wav,갇힘
6.갇힘,6.갇힘_161455_label.wav,갇힘
6.갇힘,6.갇힘_182639_label.wav,갇힘
6.갇힘,6.갇힘_162381_label.wav,갇힘
6.갇힘,6.갇힘_377936_label.wav,갇힘
6.갇힘,6.갇힘_422645_label.wav,갇힘
6.갇힘,6.갇힘_189011_label.wav,갇힘
6.갇힘,6.갇힘_171137_label.wav,갇힘
6.갇힘,6.갇힘_171442_label.wav,갇힘
6.갇힘,6.갇힘_174779_label.wav,갇힘
6.갇힘,6.갇힘_165143_label.wav,갇힘
6.갇힘,6.갇힘_183220_label.wav,갇힘
6.갇힘,6.갇힘_168648_label.wav,갇힘
6.갇힘,6.갇힘_174088_label.wav,갇힘
6.갇힘,6.갇힘_162868_label.wav,갇힘
6.갇힘,6.갇힘_162106_label.wav,갇힘
6.갇힘,6.갇힘_162955_label.wav,갇힘
6.갇힘,6.갇힘_164081_label.wav,갇힘
6.갇힘,6.갇힘_465406_label.wav,갇힘
6.갇힘,6.갇힘_169396_label.wav,갇힘
6.갇힘,6.갇힘_166998_label.wav,갇힘
6.갇힘,6.갇힘_184731_label.wav,갇힘
6.갇힘,6.갇힘_161232_label.wav,갇힘
6.갇힘,6.갇힘_183348_label.wav,갇힘
6.갇힘,6.갇힘_373849_label.wav,갇힘
6.갇힘,6.갇힘_378468_label.wav,갇힘
6.갇힘,6.갇힘_176687_label.wav,갇힘
6.갇힘,6.갇힘_170601_label.wav,갇힘
6.갇힘,6.갇힘_375163_label.wav,갇힘
6.갇힘,6.갇힘_188938_label.wav,갇힘
6.갇힘,6.갇힘_418053_label.wav,갇힘
6.갇힘,6.갇힘_185388_label.wav,갇힘
6.갇힘,6.갇힘_378170_label.wav,갇힘
6.갇힘,6.갇힘_375108_label.wav,갇힘
6.갇힘,6.갇힘_372784_label.wav,갇힘
6.갇힘,6.갇힘_465631_label.wav,갇힘
6.갇힘,6.갇힘_161511_label.wav,갇힘
6.갇힘,6.갇힘_169856_label.wav,갇힘
6.갇힘,6.갇힘_169351_label.wav,갇힘
6.갇힘,6.갇힘_164956_label.wav,갇힘
6.갇힘,6.갇힘_170811_label.wav,갇힘
6.갇힘,6.갇힘_169156_label.wav,갇힘
6.갇힘,6.갇힘_163424_label.wav,갇힘
6.갇힘,6.갇힘_184296_label.wav,갇힘
6.갇힘,6.갇힘_378652_label.wav,갇힘
6.갇힘,6.갇힘_183625_label.wav,갇힘
6.갇힘,6.갇힘_165036_label.wav,갇힘
6.갇힘,6.갇힘_183084_label.wav,갇힘
6.갇힘,6.갇힘_421966_label.wav,갇힘
6.갇힘,6.갇힘_164945_label.wav,갇힘
6.갇힘,6.갇힘_177711_label.wav,갇힘
6.갇힘,6.갇힘_170874_label.wav,갇힘
6.갇힘,6.갇힘_175379_label.wav,갇힘
6.갇힘,6.갇힘_185945_label.wav,갇힘
6.갇힘,6.갇힘_183227_label.wav,갇힘
6.갇힘,6.갇힘_184528_label.wav,갇힘
6.갇힘,6.갇힘_375110_label.wav,갇힘
6.갇힘,6.갇힘_373578_label.wav,갇힘
6.갇힘,6.갇힘_189338_label.wav,갇힘
6.갇힘,6.갇힘_183765_label.wav,갇힘
6.갇힘,6.갇힘_161969_label.wav,갇힘
6.갇힘,6.갇힘_163475_label.wav,갇힘
6.갇힘,6.갇힘_183298_label.wav,갇힘
6.갇힘,6.갇힘_378817_label.wav,갇힘
6.갇힘,6.갇힘_421014_label.wav,갇힘
6.갇힘,6.갇힘_184643_label.wav,갇힘
6.갇힘,6.갇힘_378633_label.wav,갇힘
6.갇힘,6.갇힘_183524_label.wav,갇힘
6.갇힘,6.갇힘_185697_label.wav,갇힘
6.갇힘,6.갇힘_187097_label.wav,갇힘
6.갇힘,6.갇힘_170728_label.wav,갇힘
6.갇힘,6.갇힘_170980_label.wav,갇힘
