fold,slice_file_name,class_name
15.실내,15.실내_683643_label.wav,실내
15.실내,15.실내_678959_label.wav,실내
15.실내,15.실내_697627_label.wav,실내
15.실내,15.실내_695278_label.wav,실내
15.실내,15.실내_654375_label.wav,실내
15.실내,15.실내_662994_label.wav,실내
15.실내,15.실내_668928_label.wav,실내
15.실내,15.실내_659297_label.wav,실내
15.실내,15.실내_660572_label.wav,실내
15.실내,15.실내_689047_label.wav,실내
15.실내,15.실내_675701_label.wav,실내
15.실내,15.실내_660640_label.wav,실내
15.실내,15.실내_662384_label.wav,실내
15.실내,15.실내_660721_label.wav,실내
15.실내,15.실내_654402_label.wav,실내
15.실내,15.실내_659302_label.wav,실내
15.실내,15.실내_676101_label.wav,실내
15.실내,15.실내_658131_label.wav,실내
15.실내,15.실내_669066_label.wav,실내
15.실내,15.실내_678775_label.wav,실내
15.실내,15.실내_695142_label.wav,실내
15.실내,15.실내_661639_label.wav,실내
15.실내,15.실내_668985_label.wav,실내
15.실내,15.실내_698891_label.wav,실내
15.실내,15.실내_688812_label.wav,실내
15.실내,15.실내_676037_label.wav,실내
15.실내,15.실내_660467_label.wav,실내
15.실내,15.실내_673538_label.wav,실내
15.실내,15.실내_669004_label.wav,실내
15.실내,15.실내_698787_label.wav,실내
15.실내,15.실내_684266_label.wav,실내
15.실내,15.실내_689053_label.wav,실내
15.실내,15.실내_695648_label.wav,실내
15.실내,15.실내_689031_label.wav,실내
15.실내,15.실내_675166_label.wav,실내
15.실내,15.실내_677782_label.wav,실내
15.실내,15.실내_695096_label.wav,실내
15.실내,15.실내_698460_label.wav,실내
15.실내,15.실내_661618_label.wav,실내
15.실내,15.실내_695638_label.wav,실내
15.실내,15.실내_675791_label.wav,실내
15.실내,15.실내_678453_label.wav,실내
15.실내,15.실내_697660_label.wav,실내
15.실내,15.실내_663147_label.wav,실내
15.실내,15.실내_675447_label.wav,실내
15.실내,15.실내_688511_label.wav,실내
15.실내,15.실내_662112_label.wav,실내
15.실내,15.실내_654794_label.wav,실내
15.실내,15.실내_678822_label.wav,실내
15.실내,15.실내_659769_label.wav,실내
15.실내,15.실내_669863_label.wav,실내
15.실내,15.실내_660675_label.wav,실내
15.실내,15.실내_698874_label.wav,실내
15.실내,15.실내_662851_label.wav,실내
15.실내,15.실내_688164_label.wav,실내
15.실내,15.실내_662860_label.wav,실내
15.실내,15.실내_683089_label.wav,실내
15.실내,15.실내_695406_label.wav,실내
15.실내,15.실내_698599_label.wav,실내
15.실내,15.실내_687822_label.wav,실내
15.실내,15.실내_660018_label.wav,실내
15.실내,15.실내_678356_label.wav,실내
15.실내,15.실내_678388_label.wav,실내
15.실내,15.실내_688630_label.wav,실내
15.실내,15.실내_698622_label.wav,실내
15.실내,15.실내_678149_label.wav,실내
15.실내,15.실내_698888_label.wav,실내
15.실내,15.실내_660623_label.wav,실내
15.실내,15.실내_662648_label.wav,실내
15.실내,15.실내_684254_label.wav,실내
15.실내,15.실내_688935_label.wav,실내
15.실내,15.실내_699033_label.wav,실내
15.실내,15.실내_675569_label.wav,실내
15.실내,15.실내_698955_label.wav,실내
15.실내,15.실내_676136_label.wav,실내
15.실내,15.실내_678262_label.wav,실내
15.실내,15.실내_660738_label.wav,실내
15.실내,15.실내_695133_label.wav,실내
15.실내,15.실내_699230_label.wav,실내
15.실내,15.실내_695122_label.wav,실내
15.실내,15.실내_698890_label.wav,실내
15.실내,15.실내_654408_label.wav,실내
15.실내,15.실내_663058_label.wav,실내
15.실내,15.실내_688909_label.wav,실내
15.실내,15.실내_697901_label.wav,실내
15.실내,15.실내_698006_label.wav,실내
15.실내,15.실내_697981_label.wav,실내
15.실내,15.실내_654605_label.wav,실내
15.실내,15.실내_676076_label.wav,실내
15.실내,15.실내_688790_label.wav,실내
15.실내,15.실내_660380_label.wav,실내
15.실내,15.실내_699188_label.wav,실내
15.실내,15.실내_658903_label.wav,실내
15.실내,15.실내_661012_label.wav,실내
15.실내,15.실내_662014_label.wav,실내
15.실내,15.실내_661674_label.wav,실내
15.실내,15.실내_679011_label.wav,실내
15.실내,15.실내_678658_label.wav,실내
15.실내,15.실내_695266_label.wav,실내
15.실내,15.실내_660025_label.wav,실내
15.실내,15.실내_654796_label.wav,실내
15.실내,15.실내_698475_label.wav,실내
15.실내,15.실내_676003_label.wav,실내
15.실내,15.실내_688995_label.wav,실내
15.실내,15.실내_669949_label.wav,실내
15.실내,15.실내_660827_label.wav,실내
15.실내,15.실내_659222_label.wav,실내
15.실내,15.실내_688190_label.wav,실내
15.실내,15.실내_699329_label.wav,실내
15.실내,15.실내_659135_label.wav,실내
15.실내,15.실내_669012_label.wav,실내
15.실내,15.실내_698483_label.wav,실내
15.실내,15.실내_662640_label.wav,실내
15.실내,15.실내_669120_label.wav,실내
15.실내,15.실내_663123_label.wav,실내
15.실내,15.실내_669110_label.wav,실내
15.실내,15.실내_697631_label.wav,실내
15.실내,15.실내_662838_label.wav,실내
15.실내,15.실내_695424_label.wav,실내
15.실내,15.실내_678556_label.wav,실내
15.실내,15.실내_675482_label.wav,실내
15.실내,15.실내_654798_label.wav,실내
15.실내,15.실내_695349_label.wav,실내
15.실내,15.실내_675578_label.wav,실내
15.실내,15.실내_662139_label.wav,실내
15.실내,15.실내_687994_label.wav,실내
15.실내,15.실내_689033_label.wav,실내
15.실내,15.실내_676024_label.wav,실내
15.실내,15.실내_688901_label.wav,실내
15.실내,15.실내_675459_label.wav,실내
15.실내,15.실내_697983_label.wav,실내
15.실내,15.실내_676147_label.wav,실내
15.실내,15.실내_677722_label.wav,실내
15.실내,15.실내_662713_label.wav,실내
15.실내,15.실내_695471_label.wav,실내
15.실내,15.실내_654396_label.wav,실내
15.실내,15.실내_675499_label.wav,실내
15.실내,15.실내_675730_label.wav,실내
15.실내,15.실내_654354_label.wav,실내
15.실내,15.실내_699234_label.wav,실내
15.실내,15.실내_683211_label.wav,실내
15.실내,15.실내_662935_label.wav,실내
15.실내,15.실내_660450_label.wav,실내
15.실내,15.실내_662729_label.wav,실내
15.실내,15.실내_695336_label.wav,실내
15.실내,15.실내_688563_label.wav,실내
15.실내,15.실내_698815_label.wav,실내
15.실내,15.실내_669036_label.wav,실내
15.실내,15.실내_698963_label.wav,실내
15.실내,15.실내_682965_label.wav,실내
15.실내,15.실내_669022_label.wav,실내
15.실내,15.실내_660844_label.wav,실내
15.실내,15.실내_658203_label.wav,실내
15.실내,15.실내_688755_label.wav,실내
15.실내,15.실내_675191_label.wav,실내
15.실내,15.실내_660900_label.wav,실내
15.실내,15.실내_899830_label.wav,실내
15.실내,15.실내_654374_label.wav,실내
15.실내,15.실내_684256_label.wav,실내
15.실내,15.실내_658994_label.wav,실내
15.실내,15.실내_697605_label.wav,실내
15.실내,15.실내_659432_label.wav,실내
15.실내,15.실내_675152_label.wav,실내
15.실내,15.실내_669006_label.wav,실내
15.실내,15.실내_675197_label.wav,실내
15.실내,15.실내_659416_label.wav,실내
15.실내,15.실내_659645_label.wav,실내
15.실내,15.실내_661702_label.wav,실내
15.실내,15.실내_917859_label.wav,실내
15.실내,15.실내_916898_label.wav,실내
15.실내,15.실내_898969_label.wav,실내
15.실내,15.실내_662392_label.wav,실내
15.실내,15.실내_917148_label.wav,실내
15.실내,15.실내_660821_label.wav,실내
15.실내,15.실내_916311_label.wav,실내
15.실내,15.실내_676012_label.wav,실내
15.실내,15.실내_697850_label.wav,실내
15.실내,15.실내_892480_label.wav,실내
15.실내,15.실내_678695_label.wav,실내
15.실내,15.실내_662752_label.wav,실내
15.실내,15.실내_678466_label.wav,실내
15.실내,15.실내_916671_label.wav,실내
15.실내,15.실내_916721_label.wav,실내
15.실내,15.실내_900023_label.wav,실내
15.실내,15.실내_917031_label.wav,실내
15.실내,15.실내_659010_label.wav,실내
15.실내,15.실내_695212_label.wav,실내
15.실내,15.실내_916863_label.wav,실내
15.실내,15.실내_676139_label.wav,실내
15.실내,15.실내_661777_label.wav,실내
15.실내,15.실내_900477_label.wav,실내
15.실내,15.실내_679097_label.wav,실내
15.실내,15.실내_920393_label.wav,실내
15.실내,15.실내_900183_label.wav,실내
15.실내,15.실내_900408_label.wav,실내
15.실내,15.실내_677738_label.wav,실내
15.실내,15.실내_676094_label.wav,실내
15.실내,15.실내_916577_label.wav,실내
15.실내,15.실내_900569_label.wav,실내
15.실내,15.실내_920593_label.wav,실내
15.실내,15.실내_669943_label.wav,실내
15.실내,15.실내_918125_label.wav,실내
15.실내,15.실내_920218_label.wav,실내
15.실내,15.실내_661681_label.wav,실내
15.실내,15.실내_920759_label.wav,실내
15.실내,15.실내_697750_label.wav,실내
15.실내,15.실내_677881_label.wav,실내
15.실내,15.실내_662767_label.wav,실내
15.실내,15.실내_661628_label.wav,실내
15.실내,15.실내_660855_label.wav,실내
15.실내,15.실내_695167_label.wav,실내
15.실내,15.실내_661769_label.wav,실내
15.실내,15.실내_660807_label.wav,실내
15.실내,15.실내_683834_label.wav,실내
15.실내,15.실내_699202_label.wav,실내
15.실내,15.실내_677910_label.wav,실내
15.실내,15.실내_661848_label.wav,실내
15.실내,15.실내_660512_label.wav,실내
15.실내,15.실내_699193_label.wav,실내
15.실내,15.실내_695144_label.wav,실내
15.실내,15.실내_683019_label.wav,실내
15.실내,15.실내_683730_label.wav,실내
15.실내,15.실내_660680_label.wav,실내
15.실내,15.실내_679057_label.wav,실내
15.실내,15.실내_676004_label.wav,실내
15.실내,15.실내_695293_label.wav,실내
15.실내,15.실내_675339_label.wav,실내
15.실내,15.실내_699132_label.wav,실내
15.실내,15.실내_661785_label.wav,실내
15.실내,15.실내_684083_label.wav,실내
15.실내,15.실내_675739_label.wav,실내
15.실내,15.실내_688803_label.wav,실내
15.실내,15.실내_698665_label.wav,실내
15.실내,15.실내_659922_label.wav,실내
15.실내,15.실내_657899_label.wav,실내
15.실내,15.실내_695554_label.wav,실내
15.실내,15.실내_678219_label.wav,실내
15.실내,15.실내_675161_label.wav,실내
15.실내,15.실내_698742_label.wav,실내
15.실내,15.실내_676388_label.wav,실내
15.실내,15.실내_697809_label.wav,실내
15.실내,15.실내_675583_label.wav,실내
15.실내,15.실내_916632_label.wav,실내
15.실내,15.실내_695472_label.wav,실내
15.실내,15.실내_699119_label.wav,실내
15.실내,15.실내_698069_label.wav,실내
15.실내,15.실내_654346_label.wav,실내
15.실내,15.실내_678684_label.wav,실내
15.실내,15.실내_695397_label.wav,실내
15.실내,15.실내_659267_label.wav,실내
15.실내,15.실내_659121_label.wav,실내
15.실내,15.실내_660470_label.wav,실내
15.실내,15.실내_688805_label.wav,실내
15.실내,15.실내_669046_label.wav,실내
15.실내,15.실내_676180_label.wav,실내
15.실내,15.실내_669108_label.wav,실내
15.실내,15.실내_698557_label.wav,실내
15.실내,15.실내_678637_label.wav,실내
15.실내,15.실내_658899_label.wav,실내
15.실내,15.실내_660181_label.wav,실내
15.실내,15.실내_659111_label.wav,실내
15.실내,15.실내_675175_label.wav,실내
15.실내,15.실내_695363_label.wav,실내
15.실내,15.실내_669348_label.wav,실내
15.실내,15.실내_654697_label.wav,실내
15.실내,15.실내_662497_label.wav,실내
15.실내,15.실내_687755_label.wav,실내
15.실내,15.실내_677765_label.wav,실내
15.실내,15.실내_678462_label.wav,실내
15.실내,15.실내_698506_label.wav,실내
15.실내,15.실내_654626_label.wav,실내
15.실내,15.실내_660907_label.wav,실내
15.실내,15.실내_676104_label.wav,실내
15.실내,15.실내_662960_label.wav,실내
15.실내,15.실내_658096_label.wav,실내
15.실내,15.실내_675164_label.wav,실내
15.실내,15.실내_673542_label.wav,실내
15.실내,15.실내_697925_label.wav,실내
15.실내,15.실내_661708_label.wav,실내
15.실내,15.실내_660995_label.wav,실내
15.실내,15.실내_678825_label.wav,실내
15.실내,15.실내_688541_label.wav,실내
15.실내,15.실내_687908_label.wav,실내
15.실내,15.실내_698845_label.wav,실내
15.실내,15.실내_660283_label.wav,실내
15.실내,15.실내_683473_label.wav,실내
15.실내,15.실내_654323_label.wav,실내
15.실내,15.실내_654736_label.wav,실내
15.실내,15.실내_677754_label.wav,실내
15.실내,15.실내_683495_label.wav,실내
15.실내,15.실내_658689_label.wav,실내
15.실내,15.실내_697801_label.wav,실내
15.실내,15.실내_675610_label.wav,실내
15.실내,15.실내_658178_label.wav,실내
15.실내,15.실내_678653_label.wav,실내
15.실내,15.실내_683477_label.wav,실내
15.실내,15.실내_678826_label.wav,실내
15.실내,15.실내_697881_label.wav,실내
15.실내,15.실내_654573_label.wav,실내
15.실내,15.실내_662632_label.wav,실내
15.실내,15.실내_654672_label.wav,실내
15.실내,15.실내_675594_label.wav,실내
15.실내,15.실내_658711_label.wav,실내
15.실내,15.실내_892156_label.wav,실내
15.실내,15.실내_697852_label.wav,실내
15.실내,15.실내_662854_label.wav,실내
15.실내,15.실내_658045_label.wav,실내
15.실내,15.실내_682990_label.wav,실내
15.실내,15.실내_684004_label.wav,실내
15.실내,15.실내_675296_label.wav,실내
15.실내,15.실내_688474_label.wav,실내
15.실내,15.실내_662756_label.wav,실내
15.실내,15.실내_677904_label.wav,실내
15.실내,15.실내_658325_label.wav,실내
15.실내,15.실내_688436_label.wav,실내
15.실내,15.실내_687992_label.wav,실내
15.실내,15.실내_676176_label.wav,실내
15.실내,15.실내_658082_label.wav,실내
15.실내,15.실내_654764_label.wav,실내
15.실내,15.실내_662741_label.wav,실내
15.실내,15.실내_677811_label.wav,실내
15.실내,15.실내_675141_label.wav,실내
15.실내,15.실내_660172_label.wav,실내
15.실내,15.실내_675577_label.wav,실내
15.실내,15.실내_698478_label.wav,실내
15.실내,15.실내_669406_label.wav,실내
15.실내,15.실내_697876_label.wav,실내
15.실내,15.실내_678447_label.wav,실내
15.실내,15.실내_676123_label.wav,실내
15.실내,15.실내_698442_label.wav,실내
15.실내,15.실내_662809_label.wav,실내
15.실내,15.실내_699029_label.wav,실내
15.실내,15.실내_660277_label.wav,실내
15.실내,15.실내_689006_label.wav,실내
15.실내,15.실내_698298_label.wav,실내
15.실내,15.실내_677832_label.wav,실내
15.실내,15.실내_697772_label.wav,실내
15.실내,15.실내_678862_label.wav,실내
15.실내,15.실내_892164_label.wav,실내
15.실내,15.실내_688737_label.wav,실내
15.실내,15.실내_678171_label.wav,실내
15.실내,15.실내_659424_label.wav,실내
15.실내,15.실내_654406_label.wav,실내
15.실내,15.실내_682957_label.wav,실내
15.실내,15.실내_697702_label.wav,실내
15.실내,15.실내_698781_label.wav,실내
15.실내,15.실내_669358_label.wav,실내
15.실내,15.실내_660786_label.wav,실내
15.실내,15.실내_660319_label.wav,실내
15.실내,15.실내_698864_label.wav,실내
15.실내,15.실내_688617_label.wav,실내
15.실내,15.실내_699164_label.wav,실내
15.실내,15.실내_660504_label.wav,실내
15.실내,15.실내_654560_label.wav,실내
15.실내,15.실내_675561_label.wav,실내
15.실내,15.실내_678945_label.wav,실내
15.실내,15.실내_662315_label.wav,실내
15.실내,15.실내_660772_label.wav,실내
15.실내,15.실내_678337_label.wav,실내
15.실내,15.실내_699299_label.wav,실내
15.실내,15.실내_687596_label.wav,실내
15.실내,15.실내_675589_label.wav,실내
15.실내,15.실내_697747_label.wav,실내
15.실내,15.실내_669855_label.wav,실내
15.실내,15.실내_698317_label.wav,실내
15.실내,15.실내_654608_label.wav,실내
15.실내,15.실내_663003_label.wav,실내
15.실내,15.실내_697926_label.wav,실내
15.실내,15.실내_698156_label.wav,실내
15.실내,15.실내_675322_label.wav,실내
15.실내,15.실내_654515_label.wav,실내
15.실내,15.실내_669123_label.wav,실내
15.실내,15.실내_688196_label.wav,실내
15.실내,15.실내_698125_label.wav,실내
15.실내,15.실내_662028_label.wav,실내
15.실내,15.실내_660167_label.wav,실내
15.실내,15.실내_658992_label.wav,실내
15.실내,15.실내_675805_label.wav,실내
15.실내,15.실내_660889_label.wav,실내
15.실내,15.실내_683011_label.wav,실내
15.실내,15.실내_921065_label.wav,실내
15.실내,15.실내_654737_label.wav,실내
15.실내,15.실내_675463_label.wav,실내
15.실내,15.실내_676087_label.wav,실내
15.실내,15.실내_698647_label.wav,실내
15.실내,15.실내_676185_label.wav,실내
15.실내,15.실내_675182_label.wav,실내
15.실내,15.실내_673517_label.wav,실내
15.실내,15.실내_697946_label.wav,실내
15.실내,15.실내_673526_label.wav,실내
15.실내,15.실내_698241_label.wav,실내
15.실내,15.실내_669026_label.wav,실내
15.실내,15.실내_698182_label.wav,실내
15.실내,15.실내_678320_label.wav,실내
15.실내,15.실내_697823_label.wav,실내
15.실내,15.실내_654438_label.wav,실내
15.실내,15.실내_695253_label.wav,실내
15.실내,15.실내_697794_label.wav,실내
15.실내,15.실내_683870_label.wav,실내
15.실내,15.실내_699256_label.wav,실내
15.실내,15.실내_658851_label.wav,실내
15.실내,15.실내_697838_label.wav,실내
15.실내,15.실내_677909_label.wav,실내
15.실내,15.실내_661024_label.wav,실내
15.실내,15.실내_689116_label.wav,실내
15.실내,15.실내_698336_label.wav,실내
15.실내,15.실내_695594_label.wav,실내
15.실내,15.실내_678267_label.wav,실내
15.실내,15.실내_662652_label.wav,실내
15.실내,15.실내_683833_label.wav,실내
15.실내,15.실내_676042_label.wav,실내
15.실내,15.실내_688008_label.wav,실내
15.실내,15.실내_663228_label.wav,실내
15.실내,15.실내_687971_label.wav,실내
15.실내,15.실내_678665_label.wav,실내
15.실내,15.실내_676126_label.wav,실내
15.실내,15.실내_676220_label.wav,실내
15.실내,15.실내_688861_label.wav,실내
15.실내,15.실내_659326_label.wav,실내
15.실내,15.실내_697940_label.wav,실내
15.실내,15.실내_675368_label.wav,실내
15.실내,15.실내_662474_label.wav,실내
15.실내,15.실내_698038_label.wav,실내
15.실내,15.실내_697770_label.wav,실내
15.실내,15.실내_654620_label.wav,실내
15.실내,15.실내_675153_label.wav,실내
15.실내,15.실내_676058_label.wav,실내
15.실내,15.실내_676192_label.wav,실내
15.실내,15.실내_698614_label.wav,실내
15.실내,15.실내_698344_label.wav,실내
15.실내,15.실내_687842_label.wav,실내
15.실내,15.실내_699134_label.wav,실내
15.실내,15.실내_676015_label.wav,실내
15.실내,15.실내_662834_label.wav,실내
15.실내,15.실내_697799_label.wav,실내
15.실내,15.실내_675333_label.wav,실내
15.실내,15.실내_675490_label.wav,실내
15.실내,15.실내_661726_label.wav,실내
15.실내,15.실내_659372_label.wav,실내
15.실내,15.실내_695562_label.wav,실내
15.실내,15.실내_658205_label.wav,실내
15.실내,15.실내_675467_label.wav,실내
15.실내,15.실내_698229_label.wav,실내
15.실내,15.실내_675378_label.wav,실내
15.실내,15.실내_662912_label.wav,실내
15.실내,15.실내_675712_label.wav,실내
15.실내,15.실내_675351_label.wav,실내
15.실내,15.실내_661816_label.wav,실내
15.실내,15.실내_695431_label.wav,실내
15.실내,15.실내_695127_label.wav,실내
15.실내,15.실내_695372_label.wav,실내
15.실내,15.실내_677745_label.wav,실내
15.실내,15.실내_697829_label.wav,실내
15.실내,15.실내_675192_label.wav,실내
15.실내,15.실내_683853_label.wav,실내
15.실내,15.실내_658092_label.wav,실내
15.실내,15.실내_675652_label.wav,실내
15.실내,15.실내_661739_label.wav,실내
15.실내,15.실내_675750_label.wav,실내
15.실내,15.실내_675765_label.wav,실내
15.실내,15.실내_677829_label.wav,실내
15.실내,15.실내_697593_label.wav,실내
15.실내,15.실내_662293_label.wav,실내
15.실내,15.실내_660685_label.wav,실내
15.실내,15.실내_675306_label.wav,실내
15.실내,15.실내_668943_label.wav,실내
15.실내,15.실내_698501_label.wav,실내
15.실내,15.실내_679022_label.wav,실내
15.실내,15.실내_675379_label.wav,실내
15.실내,15.실내_695615_label.wav,실내
15.실내,15.실내_687865_label.wav,실내
15.실내,15.실내_675604_label.wav,실내
15.실내,15.실내_697670_label.wav,실내
15.실내,15.실내_676162_label.wav,실내
15.실내,15.실내_695092_label.wav,실내
15.실내,15.실내_687593_label.wav,실내
15.실내,15.실내_659096_label.wav,실내
15.실내,15.실내_661778_label.wav,실내
15.실내,15.실내_920547_label.wav,실내
15.실내,15.실내_676096_label.wav,실내
15.실내,15.실내_661965_label.wav,실내
15.실내,15.실내_683085_label.wav,실내
15.실내,15.실내_688752_label.wav,실내
15.실내,15.실내_695110_label.wav,실내
15.실내,15.실내_661714_label.wav,실내
15.실내,15.실내_658783_label.wav,실내
15.실내,15.실내_675176_label.wav,실내
15.실내,15.실내_695192_label.wav,실내
15.실내,15.실내_673505_label.wav,실내
15.실내,15.실내_688131_label.wav,실내
15.실내,15.실내_699216_label.wav,실내
15.실내,15.실내_917972_label.wav,실내
15.실내,15.실내_687775_label.wav,실내
15.실내,15.실내_695283_label.wav,실내
15.실내,15.실내_673575_label.wav,실내
15.실내,15.실내_654420_label.wav,실내
15.실내,15.실내_662848_label.wav,실내
15.실내,15.실내_675613_label.wav,실내
15.실내,15.실내_695477_label.wav,실내
15.실내,15.실내_695370_label.wav,실내
15.실내,15.실내_698881_label.wav,실내
15.실내,15.실내_676229_label.wav,실내
15.실내,15.실내_675802_label.wav,실내
15.실내,15.실내_659490_label.wav,실내
15.실내,15.실내_676235_label.wav,실내
15.실내,15.실내_658767_label.wav,실내
15.실내,15.실내_697696_label.wav,실내
15.실내,15.실내_677872_label.wav,실내
15.실내,15.실내_676113_label.wav,실내
15.실내,15.실내_698675_label.wav,실내
15.실내,15.실내_698358_label.wav,실내
15.실내,15.실내_698732_label.wav,실내
15.실내,15.실내_662961_label.wav,실내
15.실내,15.실내_675487_label.wav,실내
15.실내,15.실내_678379_label.wav,실내
15.실내,15.실내_683352_label.wav,실내
15.실내,15.실내_673530_label.wav,실내
15.실내,15.실내_697786_label.wav,실내
15.실내,15.실내_699345_label.wav,실내
15.실내,15.실내_683161_label.wav,실내
15.실내,15.실내_698363_label.wav,실내
15.실내,15.실내_668953_label.wav,실내
15.실내,15.실내_698333_label.wav,실내
15.실내,15.실내_697498_label.wav,실내
15.실내,15.실내_659307_label.wav,실내
15.실내,15.실내_683593_label.wav,실내
15.실내,15.실내_699205_label.wav,실내
15.실내,15.실내_675502_label.wav,실내
15.실내,15.실내_688096_label.wav,실내
15.실내,15.실내_663095_label.wav,실내
15.실내,15.실내_675292_label.wav,실내
15.실내,15.실내_678554_label.wav,실내
15.실내,15.실내_697621_label.wav,실내
15.실내,15.실내_695607_label.wav,실내
15.실내,15.실내_677799_label.wav,실내
15.실내,15.실내_675571_label.wav,실내
15.실내,15.실내_698170_label.wav,실내
15.실내,15.실내_683202_label.wav,실내
15.실내,15.실내_660440_label.wav,실내
15.실내,15.실내_678699_label.wav,실내
15.실내,15.실내_662633_label.wav,실내
15.실내,15.실내_683081_label.wav,실내
15.실내,15.실내_676121_label.wav,실내
15.실내,15.실내_697614_label.wav,실내
15.실내,15.실내_684011_label.wav,실내
15.실내,15.실내_699213_label.wav,실내
15.실내,15.실내_698578_label.wav,실내
15.실내,15.실내_654719_label.wav,실내
15.실내,15.실내_669769_label.wav,실내
15.실내,15.실내_661669_label.wav,실내
15.실내,15.실내_675736_label.wav,실내
15.실내,15.실내_669791_label.wav,실내
15.실내,15.실내_698366_label.wav,실내
15.실내,15.실내_675428_label.wav,실내
15.실내,15.실내_688236_label.wav,실내
15.실내,15.실내_673539_label.wav,실내
15.실내,15.실내_678144_label.wav,실내
15.실내,15.실내_677735_label.wav,실내
15.실내,15.실내_677895_label.wav,실내
15.실내,15.실내_677885_label.wav,실내
15.실내,15.실내_662320_label.wav,실내
15.실내,15.실내_697542_label.wav,실내
15.실내,15.실내_662147_label.wav,실내
15.실내,15.실내_698208_label.wav,실내
15.실내,15.실내_654668_label.wav,실내
15.실내,15.실내_687579_label.wav,실내
15.실내,15.실내_688209_label.wav,실내
15.실내,15.실내_675381_label.wav,실내
15.실내,15.실내_673578_label.wav,실내
15.실내,15.실내_677905_label.wav,실내
15.실내,15.실내_678155_label.wav,실내
15.실내,15.실내_654337_label.wav,실내
15.실내,15.실내_675558_label.wav,실내
15.실내,15.실내_676412_label.wav,실내
15.실내,15.실내_658146_label.wav,실내
15.실내,15.실내_675602_label.wav,실내
15.실내,15.실내_675371_label.wav,실내
15.실내,15.실내_698205_label.wav,실내
15.실내,15.실내_675420_label.wav,실내
15.실내,15.실내_676107_label.wav,실내
15.실내,15.실내_697842_label.wav,실내
15.실내,15.실내_657854_label.wav,실내
15.실내,15.실내_676043_label.wav,실내
15.실내,15.실내_663040_label.wav,실내
15.실내,15.실내_658170_label.wav,실내
15.실내,15.실내_654504_label.wav,실내
15.실내,15.실내_676021_label.wav,실내
15.실내,15.실내_683837_label.wav,실내
15.실내,15.실내_659468_label.wav,실내
15.실내,15.실내_654602_label.wav,실내
15.실내,15.실내_669468_label.wav,실내
15.실내,15.실내_676131_label.wav,실내
15.실내,15.실내_676048_label.wav,실내
15.실내,15.실내_697792_label.wav,실내
15.실내,15.실내_660990_label.wav,실내
15.실내,15.실내_660176_label.wav,실내
15.실내,15.실내_675437_label.wav,실내
15.실내,15.실내_695455_label.wav,실내
15.실내,15.실내_658721_label.wav,실내
15.실내,15.실내_698479_label.wav,실내
15.실내,15.실내_654767_label.wav,실내
15.실내,15.실내_683949_label.wav,실내
15.실내,15.실내_697784_label.wav,실내
15.실내,15.실내_675713_label.wav,실내
15.실내,15.실내_695332_label.wav,실내
15.실내,15.실내_688800_label.wav,실내
15.실내,15.실내_688115_label.wav,실내
15.실내,15.실내_658318_label.wav,실내
15.실내,15.실내_698108_label.wav,실내
15.실내,15.실내_654632_label.wav,실내
15.실내,15.실내_662561_label.wav,실내
15.실내,15.실내_695495_label.wav,실내
15.실내,15.실내_659448_label.wav,실내
15.실내,15.실내_676057_label.wav,실내
15.실내,15.실내_662248_label.wav,실내
15.실내,15.실내_658228_label.wav,실내
15.실내,15.실내_698656_label.wav,실내
15.실내,15.실내_661651_label.wav,실내
15.실내,15.실내_678501_label.wav,실내
15.실내,15.실내_676191_label.wav,실내
15.실내,15.실내_677786_label.wav,실내
15.실내,15.실내_683264_label.wav,실내
15.실내,15.실내_678251_label.wav,실내
15.실내,15.실내_683511_label.wav,실내
15.실내,15.실내_699013_label.wav,실내
15.실내,15.실내_662118_label.wav,실내
15.실내,15.실내_677808_label.wav,실내
15.실내,15.실내_678774_label.wav,실내
15.실내,15.실내_677870_label.wav,실내
15.실내,15.실내_662939_label.wav,실내
15.실내,15.실내_698046_label.wav,실내
15.실내,15.실내_687633_label.wav,실내
15.실내,15.실내_661020_label.wav,실내
15.실내,15.실내_919397_label.wav,실내
15.실내,15.실내_917213_label.wav,실내
15.실내,15.실내_919874_label.wav,실내
15.실내,15.실내_918529_label.wav,실내
15.실내,15.실내_898285_label.wav,실내
15.실내,15.실내_892192_label.wav,실내
15.실내,15.실내_916852_label.wav,실내
15.실내,15.실내_899761_label.wav,실내
15.실내,15.실내_919502_label.wav,실내
15.실내,15.실내_920117_label.wav,실내
15.실내,15.실내_917297_label.wav,실내
15.실내,15.실내_918090_label.wav,실내
15.실내,15.실내_918619_label.wav,실내
15.실내,15.실내_920225_label.wav,실내
15.실내,15.실내_916235_label.wav,실내
15.실내,15.실내_919092_label.wav,실내
15.실내,15.실내_916519_label.wav,실내
15.실내,15.실내_895655_label.wav,실내
15.실내,15.실내_917038_label.wav,실내
15.실내,15.실내_918837_label.wav,실내
15.실내,15.실내_917012_label.wav,실내
15.실내,15.실내_916328_label.wav,실내
15.실내,15.실내_916839_label.wav,실내
15.실내,15.실내_920094_label.wav,실내
15.실내,15.실내_917936_label.wav,실내
15.실내,15.실내_916587_label.wav,실내
15.실내,15.실내_918669_label.wav,실내
15.실내,15.실내_917507_label.wav,실내
15.실내,15.실내_920989_label.wav,실내
15.실내,15.실내_917260_label.wav,실내
15.실내,15.실내_919119_label.wav,실내
15.실내,15.실내_917560_label.wav,실내
15.실내,15.실내_916190_label.wav,실내
15.실내,15.실내_918337_label.wav,실내
15.실내,15.실내_916649_label.wav,실내
15.실내,15.실내_920125_label.wav,실내
15.실내,15.실내_916362_label.wav,실내
15.실내,15.실내_918580_label.wav,실내
15.실내,15.실내_916532_label.wav,실내
15.실내,15.실내_920115_label.wav,실내
15.실내,15.실내_918649_label.wav,실내
15.실내,15.실내_920786_label.wav,실내
15.실내,15.실내_917349_label.wav,실내
15.실내,15.실내_919171_label.wav,실내
15.실내,15.실내_917666_label.wav,실내
15.실내,15.실내_920139_label.wav,실내
15.실내,15.실내_532575_label.wav,실내
15.실내,15.실내_917209_label.wav,실내
15.실내,15.실내_918807_label.wav,실내
15.실내,15.실내_917462_label.wav,실내
15.실내,15.실내_920395_label.wav,실내
15.실내,15.실내_918287_label.wav,실내
15.실내,15.실내_917884_label.wav,실내
15.실내,15.실내_920544_label.wav,실내
15.실내,15.실내_918940_label.wav,실내
15.실내,15.실내_917371_label.wav,실내
15.실내,15.실내_892214_label.wav,실내
15.실내,15.실내_916527_label.wav,실내
15.실내,15.실내_918188_label.wav,실내
15.실내,15.실내_916859_label.wav,실내
15.실내,15.실내_898953_label.wav,실내
15.실내,15.실내_921032_label.wav,실내
15.실내,15.실내_916289_label.wav,실내
15.실내,15.실내_917947_label.wav,실내
15.실내,15.실내_917132_label.wav,실내
15.실내,15.실내_896519_label.wav,실내
15.실내,15.실내_920815_label.wav,실내
15.실내,15.실내_918228_label.wav,실내
15.실내,15.실내_917386_label.wav,실내
15.실내,15.실내_919323_label.wav,실내
15.실내,15.실내_916696_label.wav,실내
15.실내,15.실내_918608_label.wav,실내
15.실내,15.실내_919106_label.wav,실내
15.실내,15.실내_917575_label.wav,실내
15.실내,15.실내_920827_label.wav,실내
15.실내,15.실내_920334_label.wav,실내
15.실내,15.실내_917040_label.wav,실내
15.실내,15.실내_892118_label.wav,실내
15.실내,15.실내_917219_label.wav,실내
15.실내,15.실내_918276_label.wav,실내
15.실내,15.실내_921091_label.wav,실내
15.실내,15.실내_916960_label.wav,실내
15.실내,15.실내_919418_label.wav,실내
15.실내,15.실내_919586_label.wav,실내
15.실내,15.실내_919574_label.wav,실내
15.실내,15.실내_917253_label.wav,실내
15.실내,15.실내_918479_label.wav,실내
15.실내,15.실내_917180_label.wav,실내
15.실내,15.실내_918655_label.wav,실내
15.실내,15.실내_920809_label.wav,실내
15.실내,15.실내_920745_label.wav,실내
15.실내,15.실내_916142_label.wav,실내
15.실내,15.실내_899160_label.wav,실내
15.실내,15.실내_896537_label.wav,실내
15.실내,15.실내_917935_label.wav,실내
15.실내,15.실내_898955_label.wav,실내
15.실내,15.실내_899984_label.wav,실내
15.실내,15.실내_918318_label.wav,실내
15.실내,15.실내_916959_label.wav,실내
15.실내,15.실내_892492_label.wav,실내
15.실내,15.실내_919911_label.wav,실내
15.실내,15.실내_916590_label.wav,실내
15.실내,15.실내_919550_label.wav,실내
15.실내,15.실내_920194_label.wav,실내
15.실내,15.실내_916964_label.wav,실내
15.실내,15.실내_532572_label.wav,실내
15.실내,15.실내_900044_label.wav,실내
15.실내,15.실내_895662_label.wav,실내
15.실내,15.실내_898632_label.wav,실내
15.실내,15.실내_917332_label.wav,실내
15.실내,15.실내_917387_label.wav,실내
15.실내,15.실내_917955_label.wav,실내
15.실내,15.실내_920268_label.wav,실내
15.실내,15.실내_916253_label.wav,실내
15.실내,15.실내_916983_label.wav,실내
15.실내,15.실내_918263_label.wav,실내
15.실내,15.실내_532542_label.wav,실내
15.실내,15.실내_920076_label.wav,실내
15.실내,15.실내_919416_label.wav,실내
15.실내,15.실내_917774_label.wav,실내
15.실내,15.실내_918735_label.wav,실내
15.실내,15.실내_920400_label.wav,실내
15.실내,15.실내_919701_label.wav,실내
15.실내,15.실내_918795_label.wav,실내
15.실내,15.실내_918039_label.wav,실내
15.실내,15.실내_920781_label.wav,실내
15.실내,15.실내_916787_label.wav,실내
15.실내,15.실내_920504_label.wav,실내
15.실내,15.실내_920585_label.wav,실내
15.실내,15.실내_920220_label.wav,실내
15.실내,15.실내_900270_label.wav,실내
15.실내,15.실내_916655_label.wav,실내
15.실내,15.실내_918420_label.wav,실내
15.실내,15.실내_892154_label.wav,실내
15.실내,15.실내_919632_label.wav,실내
15.실내,15.실내_893462_label.wav,실내
15.실내,15.실내_919589_label.wav,실내
15.실내,15.실내_916146_label.wav,실내
15.실내,15.실내_917258_label.wav,실내
15.실내,15.실내_919688_label.wav,실내
15.실내,15.실내_919786_label.wav,실내
15.실내,15.실내_532558_label.wav,실내
15.실내,15.실내_532550_label.wav,실내
15.실내,15.실내_532566_label.wav,실내
15.실내,15.실내_675722_label.wav,실내
15.실내,15.실내_654468_label.wav,실내
15.실내,15.실내_654578_label.wav,실내
15.실내,15.실내_658809_label.wav,실내
15.실내,15.실내_661592_label.wav,실내
15.실내,15.실내_662875_label.wav,실내
15.실내,15.실내_662891_label.wav,실내
15.실내,15.실내_663134_label.wav,실내
15.실내,15.실내_663202_label.wav,실내
15.실내,15.실내_697918_label.wav,실내
15.실내,15.실내_668920_label.wav,실내
15.실내,15.실내_668914_label.wav,실내
15.실내,15.실내_687925_label.wav,실내
15.실내,15.실내_675314_label.wav,실내
15.실내,15.실내_675328_label.wav,실내
15.실내,15.실내_675326_label.wav,실내
15.실내,15.실내_675352_label.wav,실내
15.실내,15.실내_654349_label.wav,실내
15.실내,15.실내_658998_label.wav,실내
15.실내,15.실내_659262_label.wav,실내
15.실내,15.실내_659345_label.wav,실내
15.실내,15.실내_659886_label.wav,실내
15.실내,15.실내_659981_label.wav,실내
15.실내,15.실내_662067_label.wav,실내
15.실내,15.실내_662869_label.wav,실내
15.실내,15.실내_662974_label.wav,실내
15.실내,15.실내_677886_label.wav,실내
15.실내,15.실내_669084_label.wav,실내
15.실내,15.실내_669344_label.wav,실내
15.실내,15.실내_678861_label.wav,실내
15.실내,15.실내_673537_label.wav,실내
15.실내,15.실내_675412_label.wav,실내
15.실내,15.실내_675998_label.wav,실내
15.실내,15.실내_676034_label.wav,실내
15.실내,15.실내_676145_label.wav,실내
15.실내,15.실내_698666_label.wav,실내
15.실내,15.실내_677843_label.wav,실내
15.실내,15.실내_678339_label.wav,실내
15.실내,15.실내_678837_label.wav,실내
15.실내,15.실내_684274_label.wav,실내
15.실내,15.실내_689070_label.wav,실내
15.실내,15.실내_689009_label.wav,실내
15.실내,15.실내_689087_label.wav,실내
15.실내,15.실내_687613_label.wav,실내
15.실내,15.실내_687637_label.wav,실내
15.실내,15.실내_654282_label.wav,실내
15.실내,15.실내_687656_label.wav,실내
15.실내,15.실내_687675_label.wav,실내
15.실내,15.실내_687665_label.wav,실내
15.실내,15.실내_654284_label.wav,실내
15.실내,15.실내_654803_label.wav,실내
15.실내,15.실내_654807_label.wav,실내
15.실내,15.실내_687752_label.wav,실내
15.실내,15.실내_687715_label.wav,실내
15.실내,15.실내_687740_label.wav,실내
15.실내,15.실내_687771_label.wav,실내
15.실내,15.실내_658420_label.wav,실내
15.실내,15.실내_658189_label.wav,실내
15.실내,15.실내_658415_label.wav,실내
15.실내,15.실내_658557_label.wav,실내
15.실내,15.실내_658804_label.wav,실내
15.실내,15.실내_659445_label.wav,실내
15.실내,15.실내_659802_label.wav,실내
15.실내,15.실내_660931_label.wav,실내
15.실내,15.실내_695132_label.wav,실내
15.실내,15.실내_661595_label.wav,실내
15.실내,15.실내_661600_label.wav,실내
15.실내,15.실내_661602_label.wav,실내
15.실내,15.실내_661593_label.wav,실내
15.실내,15.실내_695374_label.wav,실내
15.실내,15.실내_661699_label.wav,실내
15.실내,15.실내_695617_label.wav,실내
15.실내,15.실내_661819_label.wav,실내
15.실내,15.실내_661746_label.wav,실내
15.실내,15.실내_661662_label.wav,실내
15.실내,15.실내_661678_label.wav,실내
15.실내,15.실내_661885_label.wav,실내
15.실내,15.실내_661822_label.wav,실내
15.실내,15.실내_661871_label.wav,실내
15.실내,15.실내_662073_label.wav,실내
15.실내,15.실내_662411_label.wav,실내
15.실내,15.실내_662595_label.wav,실내
15.실내,15.실내_662712_label.wav,실내
15.실내,15.실내_662874_label.wav,실내
15.실내,15.실내_662876_label.wav,실내
15.실내,15.실내_663253_label.wav,실내
15.실내,15.실내_663251_label.wav,실내
15.실내,15.실내_663019_label.wav,실내
15.실내,15.실내_663023_label.wav,실내
15.실내,15.실내_663234_label.wav,실내
15.실내,15.실내_697496_label.wav,실내
15.실내,15.실내_669080_label.wav,실내
15.실내,15.실내_673579_label.wav,실내
15.실내,15.실내_673580_label.wav,실내
15.실내,15.실내_675317_label.wav,실내
15.실내,15.실내_675318_label.wav,실내
15.실내,15.실내_675808_label.wav,실내
15.실내,15.실내_683083_label.wav,실내
15.실내,15.실내_676065_label.wav,실내
15.실내,15.실내_676225_label.wav,실내
15.실내,15.실내_677742_label.wav,실내
15.실내,15.실내_678859_label.wav,실내
15.실내,15.실내_679024_label.wav,실내
15.실내,15.실내_918416_label.wav,실내
15.실내,15.실내_918579_label.wav,실내
15.실내,15.실내_918641_label.wav,실내
15.실내,15.실내_918903_label.wav,실내
15.실내,15.실내_918990_label.wav,실내
15.실내,15.실내_919013_label.wav,실내
15.실내,15.실내_919037_label.wav,실내
15.실내,15.실내_919056_label.wav,실내
15.실내,15.실내_919093_label.wav,실내
15.실내,15.실내_919143_label.wav,실내
15.실내,15.실내_919221_label.wav,실내
15.실내,15.실내_919255_label.wav,실내
15.실내,15.실내_919396_label.wav,실내
15.실내,15.실내_919327_label.wav,실내
15.실내,15.실내_919408_label.wav,실내
15.실내,15.실내_919394_label.wav,실내
15.실내,15.실내_919465_label.wav,실내
15.실내,15.실내_683082_label.wav,실내
15.실내,15.실내_684110_label.wav,실내
15.실내,15.실내_695139_label.wav,실내
15.실내,15.실내_898280_label.wav,실내
15.실내,15.실내_918149_label.wav,실내
15.실내,15.실내_678346_label.wav,실내
15.실내,15.실내_900396_label.wav,실내
15.실내,15.실내_919723_label.wav,실내
15.실내,15.실내_892206_label.wav,실내
15.실내,15.실내_899643_label.wav,실내
15.실내,15.실내_900551_label.wav,실내
15.실내,15.실내_916791_label.wav,실내
15.실내,15.실내_916977_label.wav,실내
15.실내,15.실내_917963_label.wav,실내
15.실내,15.실내_899543_label.wav,실내
15.실내,15.실내_899707_label.wav,실내
15.실내,15.실내_683009_label.wav,실내
15.실내,15.실내_675656_label.wav,실내
15.실내,15.실내_683245_label.wav,실내
15.실내,15.실내_698957_label.wav,실내
15.실내,15.실내_695382_label.wav,실내
15.실내,15.실내_695513_label.wav,실내
15.실내,15.실내_659289_label.wav,실내
15.실내,15.실내_654739_label.wav,실내
15.실내,15.실내_661845_label.wav,실내
15.실내,15.실내_675411_label.wav,실내
15.실내,15.실내_675560_label.wav,실내
15.실내,15.실내_698064_label.wav,실내
15.실내,15.실내_698053_label.wav,실내
15.실내,15.실내_698172_label.wav,실내
15.실내,15.실내_698863_label.wav,실내
15.실내,15.실내_687836_label.wav,실내
15.실내,15.실내_662642_label.wav,실내
15.실내,15.실내_697860_label.wav,실내
15.실내,15.실내_659479_label.wav,실내
15.실내,15.실내_697607_label.wav,실내
15.실내,15.실내_687999_label.wav,실내
15.실내,15.실내_687863_label.wav,실내
15.실내,15.실내_683368_label.wav,실내
15.실내,15.실내_688611_label.wav,실내
15.실내,15.실내_662743_label.wav,실내
15.실내,15.실내_698320_label.wav,실내
15.실내,15.실내_658126_label.wav,실내
15.실내,15.실내_688376_label.wav,실내
15.실내,15.실내_683718_label.wav,실내
15.실내,15.실내_658428_label.wav,실내
15.실내,15.실내_683275_label.wav,실내
15.실내,15.실내_677837_label.wav,실내
15.실내,15.실내_698679_label.wav,실내
15.실내,15.실내_683846_label.wav,실내
15.실내,15.실내_660104_label.wav,실내
15.실내,15.실내_676085_label.wav,실내
15.실내,15.실내_697520_label.wav,실내
15.실내,15.실내_698481_label.wav,실내
15.실내,15.실내_654601_label.wav,실내
15.실내,15.실내_688135_label.wav,실내
15.실내,15.실내_683503_label.wav,실내
15.실내,15.실내_662253_label.wav,실내
15.실내,15.실내_684217_label.wav,실내
15.실내,15.실내_698457_label.wav,실내
15.실내,15.실내_661862_label.wav,실내
15.실내,15.실내_683702_label.wav,실내
15.실내,15.실내_687567_label.wav,실내
15.실내,15.실내_532583_label.wav,실내
15.실내,15.실내_687606_label.wav,실내
15.실내,15.실내_654725_label.wav,실내
15.실내,15.실내_654726_label.wav,실내
15.실내,15.실내_654797_label.wav,실내
15.실내,15.실내_658707_label.wav,실내
15.실내,15.실내_659252_label.wav,실내
15.실내,15.실내_659287_label.wav,실내
15.실내,15.실내_659592_label.wav,실내
15.실내,15.실내_660093_label.wav,실내
15.실내,15.실내_659987_label.wav,실내
15.실내,15.실내_661791_label.wav,실내
15.실내,15.실내_662405_label.wav,실내
15.실내,15.실내_662545_label.wav,실내
15.실내,15.실내_662803_label.wav,실내
15.실내,15.실내_662886_label.wav,실내
15.실내,15.실내_669427_label.wav,실내
15.실내,15.실내_669592_label.wav,실내
15.실내,15.실내_669847_label.wav,실내
15.실내,15.실내_673565_label.wav,실내
15.실내,15.실내_676197_label.wav,실내
15.실내,15.실내_676083_label.wav,실내
15.실내,15.실내_688312_label.wav,실내
15.실내,15.실내_676230_label.wav,실내
15.실내,15.실내_677712_label.wav,실내
15.실내,15.실내_684232_label.wav,실내
15.실내,15.실내_688765_label.wav,실내
15.실내,15.실내_697547_label.wav,실내
15.실내,15.실내_697572_label.wav,실내
15.실내,15.실내_654428_label.wav,실내
15.실내,15.실내_687677_label.wav,실내
15.실내,15.실내_662380_label.wav,실내
15.실내,15.실내_675414_label.wav,실내
15.실내,15.실내_675302_label.wav,실내
15.실내,15.실내_675342_label.wav,실내
15.실내,15.실내_675771_label.wav,실내
15.실내,15.실내_675761_label.wav,실내
15.실내,15.실내_676453_label.wav,실내
15.실내,15.실내_697566_label.wav,실내
15.실내,15.실내_918206_label.wav,실내
15.실내,15.실내_892472_label.wav,실내
15.실내,15.실내_920424_label.wav,실내
15.실내,15.실내_898934_label.wav,실내
15.실내,15.실내_920486_label.wav,실내
15.실내,15.실내_899601_label.wav,실내
15.실내,15.실내_899683_label.wav,실내
15.실내,15.실내_900487_label.wav,실내
15.실내,15.실내_916368_label.wav,실내
15.실내,15.실내_916642_label.wav,실내
15.실내,15.실내_917225_label.wav,실내
15.실내,15.실내_675470_label.wav,실내
15.실내,15.실내_676122_label.wav,실내
15.실내,15.실내_678107_label.wav,실내
15.실내,15.실내_698733_label.wav,실내
15.실내,15.실내_699404_label.wav,실내
15.실내,15.실내_663110_label.wav,실내
15.실내,15.실내_661827_label.wav,실내
15.실내,15.실내_695292_label.wav,실내
15.실내,15.실내_675189_label.wav,실내
15.실내,15.실내_697821_label.wav,실내
15.실내,15.실내_688634_label.wav,실내
15.실내,15.실내_698338_label.wav,실내
15.실내,15.실내_675450_label.wav,실내
15.실내,15.실내_676000_label.wav,실내
15.실내,15.실내_676060_label.wav,실내
15.실내,15.실내_676022_label.wav,실내
15.실내,15.실내_676109_label.wav,실내
15.실내,15.실내_676183_label.wav,실내
15.실내,15.실내_678259_label.wav,실내
15.실내,15.실내_678341_label.wav,실내
15.실내,15.실내_678756_label.wav,실내
15.실내,15.실내_695561_label.wav,실내
15.실내,15.실내_679091_label.wav,실내
15.실내,15.실내_697555_label.wav,실내
15.실내,15.실내_698801_label.wav,실내
15.실내,15.실내_678123_label.wav,실내
15.실내,15.실내_660629_label.wav,실내
15.실내,15.실내_660989_label.wav,실내
15.실내,15.실내_654583_label.wav,실내
15.실내,15.실내_654760_label.wav,실내
15.실내,15.실내_660608_label.wav,실내
15.실내,15.실내_660853_label.wav,실내
15.실내,15.실내_697531_label.wav,실내
15.실내,15.실내_684048_label.wav,실내
15.실내,15.실내_698458_label.wav,실내
15.실내,15.실내_698615_label.wav,실내
15.실내,15.실내_678569_label.wav,실내
15.실내,15.실내_662090_label.wav,실내
15.실내,15.실내_662015_label.wav,실내
15.실내,15.실내_677865_label.wav,실내
15.실내,15.실내_654670_label.wav,실내
15.실내,15.실내_699382_label.wav,실내
15.실내,15.실내_697968_label.wav,실내
15.실내,15.실내_695109_label.wav,실내
15.실내,15.실내_675466_label.wav,실내
15.실내,15.실내_659567_label.wav,실내
15.실내,15.실내_659758_label.wav,실내
15.실내,15.실내_677901_label.wav,실내
15.실내,15.실내_698611_label.wav,실내
15.실내,15.실내_677934_label.wav,실내
15.실내,15.실내_675307_label.wav,실내
15.실내,15.실내_688822_label.wav,실내
15.실내,15.실내_698786_label.wav,실내
15.실내,15.실내_677756_label.wav,실내
15.실내,15.실내_688586_label.wav,실내
15.실내,15.실내_688325_label.wav,실내
15.실내,15.실내_682907_label.wav,실내
15.실내,15.실내_678164_label.wav,실내
15.실내,15.실내_660705_label.wav,실내
15.실내,15.실내_688660_label.wav,실내
15.실내,15.실내_675576_label.wav,실내
15.실내,15.실내_698548_label.wav,실내
15.실내,15.실내_669775_label.wav,실내
15.실내,15.실내_663210_label.wav,실내
15.실내,15.실내_695446_label.wav,실내
15.실내,15.실내_695299_label.wav,실내
15.실내,15.실내_654289_label.wav,실내
15.실내,15.실내_677815_label.wav,실내
15.실내,15.실내_698629_label.wav,실내
15.실내,15.실내_678162_label.wav,실내
15.실내,15.실내_695301_label.wav,실내
15.실내,15.실내_695539_label.wav,실내
15.실내,15.실내_695437_label.wav,실내
15.실내,15.실내_675599_label.wav,실내
15.실내,15.실내_683534_label.wav,실내
15.실내,15.실내_661783_label.wav,실내
15.실내,15.실내_679101_label.wav,실내
15.실내,15.실내_697685_label.wav,실내
15.실내,15.실내_659861_label.wav,실내
15.실내,15.실내_654709_label.wav,실내
15.실내,15.실내_683663_label.wav,실내
15.실내,15.실내_663122_label.wav,실내
15.실내,15.실내_677879_label.wav,실내
15.실내,15.실내_669345_label.wav,실내
15.실내,15.실내_699320_label.wav,실내
15.실내,15.실내_675591_label.wav,실내
15.실내,15.실내_697699_label.wav,실내
15.실내,15.실내_698128_label.wav,실내
15.실내,15.실내_659352_label.wav,실내
15.실내,15.실내_675587_label.wav,실내
15.실내,15.실내_698563_label.wav,실내
15.실내,15.실내_698569_label.wav,실내
15.실내,15.실내_662923_label.wav,실내
15.실내,15.실내_659323_label.wav,실내
15.실내,15.실내_678142_label.wav,실내
15.실내,15.실내_695326_label.wav,실내
15.실내,15.실내_675364_label.wav,실내
15.실내,15.실내_654491_label.wav,실내
15.실내,15.실내_676009_label.wav,실내
15.실내,15.실내_678173_label.wav,실내
15.실내,15.실내_662772_label.wav,실내
15.실내,15.실내_654548_label.wav,실내
15.실내,15.실내_695459_label.wav,실내
15.실내,15.실내_654711_label.wav,실내
15.실내,15.실내_695356_label.wav,실내
15.실내,15.실내_675789_label.wav,실내
15.실내,15.실내_679005_label.wav,실내
15.실내,15.실내_662385_label.wav,실내
15.실내,15.실내_654322_label.wav,실내
15.실내,15.실내_677805_label.wav,실내
15.실내,15.실내_663190_label.wav,실내
15.실내,15.실내_659213_label.wav,실내
15.실내,15.실내_678605_label.wav,실내
15.실내,15.실내_663139_label.wav,실내
15.실내,15.실내_698893_label.wav,실내
15.실내,15.실내_689069_label.wav,실내
15.실내,15.실내_669443_label.wav,실내
15.실내,15.실내_698630_label.wav,실내
15.실내,15.실내_654304_label.wav,실내
15.실내,15.실내_698836_label.wav,실내
15.실내,15.실내_688750_label.wav,실내
15.실내,15.실내_688151_label.wav,실내
15.실내,15.실내_698196_label.wav,실내
15.실내,15.실내_698884_label.wav,실내
15.실내,15.실내_677902_label.wav,실내
15.실내,15.실내_675753_label.wav,실내
15.실내,15.실내_683664_label.wav,실내
15.실내,15.실내_684028_label.wav,실내
15.실내,15.실내_699242_label.wav,실내
15.실내,15.실내_654392_label.wav,실내
15.실내,15.실내_678797_label.wav,실내
15.실내,15.실내_675455_label.wav,실내
15.실내,15.실내_695334_label.wav,실내
15.실내,15.실내_699025_label.wav,실내
15.실내,15.실내_654499_label.wav,실내
15.실내,15.실내_659203_label.wav,실내
15.실내,15.실내_677836_label.wav,실내
15.실내,15.실내_654707_label.wav,실내
15.실내,15.실내_658199_label.wav,실내
15.실내,15.실내_695380_label.wav,실내
15.실내,15.실내_659995_label.wav,실내
15.실내,15.실내_677903_label.wav,실내
15.실내,15.실내_683630_label.wav,실내
15.실내,15.실내_658028_label.wav,실내
15.실내,15.실내_688391_label.wav,실내
15.실내,15.실내_663076_label.wav,실내
15.실내,15.실내_654657_label.wav,실내
15.실내,15.실내_678690_label.wav,실내
15.실내,15.실내_677930_label.wav,실내
15.실내,15.실내_695379_label.wav,실내
15.실내,15.실내_699348_label.wav,실내
15.실내,15.실내_673554_label.wav,실내
15.실내,15.실내_662992_label.wav,실내
15.실내,15.실내_683397_label.wav,실내
15.실내,15.실내_676146_label.wav,실내
15.실내,15.실내_659631_label.wav,실내
15.실내,15.실내_683751_label.wav,실내
15.실내,15.실내_678573_label.wav,실내
15.실내,15.실내_669409_label.wav,실내
15.실내,15.실내_688856_label.wav,실내
15.실내,15.실내_676092_label.wav,실내
15.실내,15.실내_675201_label.wav,실내
15.실내,15.실내_654792_label.wav,실내
15.실내,15.실내_658917_label.wav,실내
15.실내,15.실내_659014_label.wav,실내
15.실내,15.실내_661624_label.wav,실내
15.실내,15.실내_676023_label.wav,실내
15.실내,15.실내_661010_label.wav,실내
15.실내,15.실내_662806_label.wav,실내
15.실내,15.실내_683223_label.wav,실내
15.실내,15.실내_677917_label.wav,실내
15.실내,15.실내_660281_label.wav,실내
15.실내,15.실내_698466_label.wav,실내
15.실내,15.실내_661626_label.wav,실내
15.실내,15.실내_660439_label.wav,실내
15.실내,15.실내_682951_label.wav,실내
15.실내,15.실내_673544_label.wav,실내
15.실내,15.실내_662471_label.wav,실내
15.실내,15.실내_663264_label.wav,실내
15.실내,15.실내_684277_label.wav,실내
15.실내,15.실내_669738_label.wav,실내
15.실내,15.실내_684273_label.wav,실내
15.실내,15.실내_698440_label.wav,실내
15.실내,15.실내_679035_label.wav,실내
15.실내,15.실내_688298_label.wav,실내
15.실내,15.실내_677725_label.wav,실내
15.실내,15.실내_662484_label.wav,실내
15.실내,15.실내_677791_label.wav,실내
